CustomerID,Recency,Frequency,Monetary
12346.0,326,2,0
12347.0,2,182,2458
12348.0,75,31,2341
12349.0,19,73,631
12350.0,310,17,197
12352.0,36,95,470
12353.0,204,4,20
12354.0,232,58,530
12355.0,214,13,240
12356.0,23,59,1591
12357.0,33,131,2708
12358.0,2,19,248
12359.0,8,254,1612
12360.0,52,129,1165
12361.0,287,10,91
12362.0,3,274,2212
12363.0,110,23,408
12364.0,8,85,1506
12365.0,291,23,173
12367.0,4,11,173
12370.0,51,167,2353
12371.0,45,63,591
12372.0,72,52,794
12373.0,311,14,197
12374.0,25,33,342
12375.0,3,18,177
12377.0,315,77,944
12378.0,130,219,2529
12379.0,82,41,406
12380.0,22,105,1126
12381.0,5,91,783
12383.0,185,100,1529
12384.0,29,30,121
12386.0,338,10,354
12388.0,16,100,1462
12390.0,80,32,353
12391.0,22,100,300
12393.0,72,64,816
12394.0,64,27,819
12395.0,16,159,2113
12397.0,36,126,1263
12398.0,46,85,1394
12399.0,119,59,1178
12401.0,303,5,11
12402.0,323,11,94
12403.0,50,6,95
12405.0,149,54,857
12406.0,22,108,1809
12407.0,50,77,1416
12408.0,33,113,1399
12409.0,79,114,5543
12410.0,301,28,209
12412.0,75,61,829
12413.0,67,40,282
12414.0,217,18,300
12415.0,24,778,77242
12417.0,3,198,1539
12418.0,113,34,407
12420.0,64,29,345
12421.0,16,46,483
12422.0,96,39,370
12423.0,1,126,1327
12424.0,163,30,740
12425.0,78,36,496
12426.0,195,30,258
12427.0,12,35,236
12428.0,26,300,3503
12429.0,9,97,1557
12430.0,43,11,117
12431.0,36,240,2868
12432.0,43,108,1801
12433.0,1,420,11071
12434.0,85,54,373
12435.0,80,36,2055
12436.0,100,16,211
12437.0,2,201,2918
12438.0,14,98,1180
12441.0,367,11,121
12442.0,3,12,182
12444.0,21,177,1155
12445.0,22,4,62
12446.0,58,58,352
12447.0,243,26,190
12448.0,44,22,243
12449.0,22,191,1553
12450.0,156,8,128
12451.0,11,355,6455
12452.0,17,23,183
12453.0,134,43,473
12454.0,53,30,0
12455.0,73,90,2089
12456.0,44,129,1616
12457.0,58,68,695
12458.0,71,38,506
12461.0,94,35,287
12462.0,2,72,514
12463.0,46,88,757
12464.0,10,29,112
12465.0,8,51,475
12468.0,143,40,364
12471.0,2,531,7965
12472.0,31,391,4020
12473.0,29,179,2363
12474.0,17,457,4764
12475.0,54,36,535
12476.0,1,264,2337
12477.0,23,308,3620
12478.0,4,36,236
12479.0,4,35,351
12480.0,28,154,1707
12481.0,23,218,3290
12483.0,17,81,1097
12484.0,33,350,2185
12488.0,10,55,529
12489.0,336,15,105
12490.0,5,245,3064
12491.0,39,26,260
12492.0,63,20,192
12493.0,166,23,206
12494.0,10,84,690
12497.0,82,14,1236
12498.0,21,23,159
12500.0,23,65,2671
12501.0,315,160,1722
12502.0,96,147,820
12503.0,338,1,-1
12504.0,18,15,51
12505.0,301,1,-1
12506.0,233,23,23
12507.0,134,23,894
12508.0,26,69,272
12509.0,284,7,55
12510.0,143,33,353
12512.0,66,34,99
12513.0,85,36,456
12514.0,267,51,440
12515.0,353,16,131
12516.0,78,26,875
12517.0,28,286,1348
12518.0,1,124,1318
12519.0,64,18,183
12520.0,79,155,1430
12521.0,143,38,309
12522.0,39,12,194
12523.0,2,110,861
12524.0,9,144,3699
12526.0,1,71,632
12527.0,82,18,234
12528.0,9,95,750
12530.0,60,68,900
12531.0,15,17,45
12532.0,30,16,153
12534.0,131,63,651
12535.0,92,34,219
12536.0,8,273,2652
12538.0,29,21,191
12539.0,22,274,2066
12540.0,20,481,6677
12541.0,30,52,680
12544.0,30,20,132
12545.0,75,50,523
12546.0,47,70,617
12547.0,198,8,134
12548.0,166,5,49
12550.0,79,57,569
12551.0,358,10,100
12552.0,39,20,88
12553.0,8,196,1924
12556.0,50,121,358
12557.0,16,33,4384
12558.0,2,22,0
12559.0,311,22,281
12560.0,5,111,1078
12561.0,303,16,177
12562.0,8,168,1779
12564.0,261,21,133
12565.0,282,10,75
12566.0,73,20,264
12567.0,23,463,4089
12569.0,2,191,1793
12571.0,40,34,523
12572.0,9,62,450
12573.0,227,28,84
12574.0,316,11,61
12576.0,36,89,964
12577.0,35,148,466
12578.0,21,120,1171
12579.0,73,31,278
12580.0,247,24,238
12581.0,40,15,161
12582.0,239,22,300
12583.0,3,251,5009
12584.0,4,126,354
12585.0,234,97,1258
12586.0,17,12,77
12587.0,8,4,51
12588.0,39,10,53
12589.0,29,35,306
12590.0,190,70,4279
12591.0,317,26,228
12592.0,92,18,290
12593.0,109,21,206
12594.0,38,119,1776
12596.0,51,27,474
12597.0,19,214,2187
12598.0,10,133,1940
12599.0,29,62,956
12600.0,29,65,773
12601.0,190,29,244
12602.0,59,12,162
12603.0,22,3,64
12604.0,79,16,201
12605.0,365,3,-4
12607.0,58,202,0
12609.0,78,60,648
12610.0,23,111,1028
12611.0,52,65,846
12612.0,58,21,251
12613.0,31,163,1596
12614.0,278,20,76
12615.0,2,105,1376
12616.0,85,36,273
12617.0,29,42,213
12618.0,22,11,96
12619.0,16,95,3354
12620.0,15,92,1181
12621.0,2,474,7404
12622.0,232,11,69
12623.0,276,18,191
12624.0,106,38,355
12625.0,212,91,1577
12626.0,23,307,3350
12627.0,11,230,2752
12628.0,4,43,445
12630.0,10,64,548
12631.0,57,31,236
12633.0,59,103,1149
12635.0,90,101,1172
12637.0,67,394,2990
12638.0,33,39,577
12639.0,239,22,201
12640.0,24,53,311
12641.0,115,10,72
12642.0,25,47,552
12643.0,128,24,1808
12644.0,130,31,325
12645.0,34,74,1072
12646.0,5,45,897
12647.0,22,128,1420
12648.0,155,21,160
12649.0,107,33,574
12650.0,3,20,254
12651.0,335,9,78
12652.0,322,51,502
12653.0,149,43,919
12654.0,11,38,264
12656.0,17,130,1708
12657.0,11,56,654
12658.0,19,36,320
12659.0,30,5,105
12660.0,11,13,127
12662.0,1,232,2040
12664.0,8,38,1202
12665.0,325,4,36
12666.0,359,2,-56
12667.0,58,33,395
12668.0,7,168,1595
12669.0,151,102,1114
12670.0,10,94,1391
12672.0,330,10,78
12673.0,5,42,351
12674.0,12,91,1102
12676.0,25,45,670
12678.0,42,167,10899
12679.0,52,56,530
12680.0,1,52,443
12681.0,15,646,7518
12682.0,4,525,5575
12683.0,4,362,4903
12684.0,8,105,1985
12685.0,28,157,1523
12686.0,372,7,107
12688.0,114,171,3028
12689.0,26,72,628
12690.0,206,16,106
12691.0,28,32,394
12693.0,121,41,250
12694.0,70,37,509
12695.0,7,27,220
12697.0,21,43,499
12700.0,8,270,2963
12701.0,80,53,678
12702.0,20,12,53
12703.0,64,22,161
12704.0,7,90,1003
12705.0,15,348,3973
12707.0,292,33,256
12708.0,30,174,1270
12709.0,3,257,3832
12710.0,97,79,849
12712.0,23,142,1044
12713.0,1,38,508
12714.0,9,259,3069
12715.0,106,21,197
12716.0,4,69,708
12717.0,151,56,505
12718.0,71,19,203
12719.0,5,42,361
12720.0,3,359,4654
12721.0,32,164,1954
12722.0,85,57,560
12723.0,4,69,434
12724.0,5,53,445
12725.0,371,24,164
12726.0,28,124,3143
12727.0,11,141,2085
12728.0,71,46,419
12729.0,114,26,233
12731.0,24,277,8366
12732.0,180,12,111
12733.0,234,22,137
12734.0,353,4,88
12735.0,315,43,368
12736.0,333,4,173
12738.0,372,11,148
12739.0,78,38,486
12740.0,64,27,342
12743.0,134,134,319
12744.0,52,229,5234
12747.0,2,103,1275
12748.0,1,4642,24210
12749.0,4,231,1422
12750.0,129,15,137
12752.0,81,53,2262
12753.0,4,230,11250
12754.0,236,65,6479
12755.0,250,6,866
12756.0,87,4,144
12757.0,16,377,2385
12758.0,117,97,2135
12759.0,52,95,902
12762.0,8,69,1227
12763.0,138,18,316
12764.0,317,45,386
12766.0,4,310,3646
12769.0,239,32,356
12770.0,211,12,743
12772.0,60,55,556
12775.0,17,67,853
12778.0,20,51,824
12779.0,21,159,1996
12781.0,21,30,592
12782.0,5,107,1070
12783.0,2,86,622
12784.0,9,59,300
12785.0,3,15,128
12787.0,10,20,261
12789.0,65,4,4
12790.0,192,21,166
12791.0,374,2,97
12792.0,257,25,217
12793.0,335,24,295
12794.0,53,45,592
12795.0,19,14,68
12797.0,360,17,79
12798.0,10,8,5256
12802.0,184,26,302
12808.0,37,28,188
12809.0,168,26,219
12811.0,261,31,230
12812.0,45,15,164
12814.0,102,2,49
12815.0,148,47,379
12816.0,96,29,128
12817.0,281,4,53
12818.0,178,16,923
12820.0,3,59,722
12821.0,214,6,70
12822.0,71,47,548
12823.0,75,5,230
12824.0,60,25,232
12826.0,3,94,1054
12827.0,6,25,197
12828.0,3,56,494
12829.0,322,12,375
12830.0,38,39,9847
12831.0,262,9,135
12832.0,32,27,195
12833.0,145,24,156
12834.0,283,18,110
12836.0,59,175,1064
12837.0,173,12,24
12838.0,34,123,359
12839.0,3,316,3804
12840.0,144,116,1505
12841.0,5,439,2683
12842.0,70,34,547
12843.0,66,108,753
12844.0,29,52,125
12845.0,267,27,204
12847.0,22,91,909
12849.0,31,51,623
12851.0,97,50,109
12852.0,290,20,145
12853.0,108,84,782
12854.0,79,115,622
12855.0,373,3,30
12856.0,8,317,1076
12857.0,211,46,343
12863.0,52,6,186
12864.0,138,3,216
12865.0,26,96,877
12866.0,283,26,171
12867.0,26,551,4274
12868.0,186,107,928
12870.0,366,2,-2
12871.0,84,11,200
12872.0,327,66,319
12873.0,282,4,128
12875.0,143,2,2019
12876.0,58,85,1941
12877.0,4,154,1178
12878.0,18,49,536
12879.0,45,12,363
12881.0,276,7,21
12882.0,9,13,246
12883.0,25,42,196
12884.0,88,7,43
12885.0,63,72,654
12886.0,68,86,761
12888.0,214,7,68
12890.0,24,82,259
12891.0,186,3,950
12893.0,31,34,96
12895.0,42,24,204
12897.0,205,4,110
12901.0,9,125,20915
12902.0,265,10,66
12904.0,18,72,302
12906.0,12,63,1749
12908.0,59,4,0
12909.0,40,96,1270
12910.0,23,75,1692
12912.0,3,24,670
12913.0,5,50,1419
12915.0,149,22,93
12916.0,139,109,1111
12917.0,128,2,120
12919.0,8,52,668
12920.0,17,28,129
12921.0,4,741,9454
12922.0,161,28,370
12923.0,64,29,69
12924.0,88,31,480
12925.0,5,45,541
12928.0,35,84,1472
12929.0,122,9,36
12930.0,78,27,250
12931.0,22,102,23377
12933.0,24,107,498
12935.0,2,130,1852
12936.0,17,63,539
12937.0,15,120,1007
12938.0,26,9,140
12939.0,64,47,4876
12940.0,46,103,406
12942.0,131,75,203
12943.0,301,1,-1
12944.0,36,30,289
12945.0,288,23,165
12947.0,144,103,1157
12948.0,16,118,1077
12949.0,31,219,2363
12950.0,2,23,1380
12951.0,9,65,500
12952.0,6,80,652
12953.0,10,17,84
12955.0,1,183,3642
12956.0,306,19,34
12957.0,4,244,2531
12962.0,7,16,129
12963.0,8,96,873
12965.0,89,109,283
12966.0,10,10,75
12967.0,3,33,243
12968.0,112,5,73
12970.0,7,151,310
12971.0,4,308,9203
12974.0,198,8,24
12976.0,212,22,561
12977.0,156,9,12
12980.0,156,24,864
12981.0,30,20,242
12982.0,240,34,278
12984.0,19,4,26
12985.0,1,78,1413
12987.0,74,30,217
12988.0,292,92,136
12989.0,3,68,2915
12990.0,31,13,200
12991.0,23,31,405
12993.0,23,27,240
12994.0,4,73,440
12995.0,78,5,98
12997.0,22,67,648
12999.0,196,28,342
13000.0,107,31,379
13001.0,4,342,5497
13002.0,318,7,73
13003.0,106,6,103
13004.0,12,409,4796
13005.0,174,29,167
13006.0,56,4,55
13008.0,323,15,115
13011.0,372,3,13
13012.0,9,107,671
13013.0,1,222,2217
13014.0,3,124,886
13015.0,53,176,1617
13016.0,73,47,527
13017.0,7,1,48
13018.0,16,459,5434
13021.0,4,134,1336
13023.0,64,40,286
13026.0,1,43,1586
13027.0,114,26,17280
13028.0,23,47,796
13029.0,31,10,134
13030.0,11,99,394
13032.0,39,75,367
13033.0,357,11,83
13034.0,55,37,369
13035.0,58,30,627
13037.0,138,48,431
13038.0,80,28,360
13040.0,9,43,355
13043.0,254,14,251
13044.0,291,33,429
13045.0,99,18,221
13046.0,31,35,264
13047.0,32,196,1355
13048.0,14,137,1230
13049.0,64,14,268
13050.0,9,422,3707
13052.0,212,18,222
13055.0,64,78,891
13058.0,25,8,52
13059.0,250,8,35
13060.0,254,15,123
13061.0,72,10,107
13062.0,191,11,343
13064.0,13,69,516
13065.0,373,14,74
13066.0,24,49,320
13067.0,82,15,32
13068.0,10,2,200
13069.0,1,470,5466
13070.0,192,9,110
13072.0,267,7,69
13075.0,130,22,485
13077.0,1,112,863
13078.0,1,380,5557
13079.0,4,6,62
13080.0,179,6,120
13081.0,1,1061,19021
13082.0,126,75,4313
13083.0,4,18,187
13085.0,158,29,108
13089.0,3,1857,30787
13090.0,9,161,2194
13091.0,21,24,450
13092.0,71,26,271
13093.0,267,170,3943
13094.0,21,30,1542
13095.0,71,6,144
13097.0,33,437,2341
13098.0,1,605,15911
13099.0,99,1,288
13101.0,234,8,113
13102.0,1,310,4160
13103.0,40,8,82
13104.0,3,20,504
13106.0,129,2,14
13107.0,44,60,1288
13108.0,373,10,298
13109.0,3,50,514
13110.0,31,146,384
13113.0,1,280,2594
13115.0,9,132,1534
13116.0,117,31,290
13117.0,22,76,945
13118.0,20,82,389
13120.0,239,1,12
13121.0,269,53,227
13122.0,94,55,585
13124.0,90,235,2147
13126.0,5,142,2130
13127.0,78,15,127
13130.0,94,2,32
13131.0,23,46,443
13132.0,262,3,20
13133.0,274,7,32
13134.0,73,105,1044
13135.0,197,1,4300
13136.0,50,139,1312
13137.0,11,705,2225
13138.0,22,63,473
13139.0,16,174,2418
13140.0,108,46,186
13141.0,85,136,1547
13142.0,19,23,258
13144.0,333,3,21
13145.0,40,7,142
13146.0,26,17,154
13147.0,10,4,144
13148.0,29,347,1828
13149.0,14,86,1280
13151.0,203,75,361
13153.0,6,15,418
13154.0,144,1,-1
13155.0,33,85,497
13157.0,49,89,1430
13158.0,95,79,784
13159.0,9,122,1045
13160.0,22,4,56
13161.0,313,8,29
13162.0,122,82,1663
13165.0,46,42,1376
13166.0,282,42,214
13167.0,19,65,785
13168.0,36,133,680
13169.0,64,13,272
13170.0,27,32,147
13171.0,8,48,227
13173.0,4,43,277
13174.0,16,314,1395
13176.0,46,72,453
13177.0,65,17,91
13178.0,26,265,3570
13182.0,45,11,201
13183.0,8,94,2208
13184.0,15,183,1662
13185.0,268,1,12
13186.0,40,84,804
13187.0,337,37,95
13188.0,11,2,25
13189.0,19,29,842
13192.0,95,63,595
13193.0,61,29,50
13194.0,136,3,26
13196.0,11,110,1224
13198.0,10,229,2645
13199.0,4,120,6172
13200.0,19,46,516
13203.0,10,57,800
13207.0,15,8,130
13208.0,59,150,786
13209.0,30,329,4232
13210.0,94,22,316
13211.0,10,56,874
13212.0,9,143,309
13213.0,57,92,1357
13216.0,268,5,297
13217.0,122,7,114
13218.0,127,5,88
13220.0,78,21,196
13221.0,240,66,244
13223.0,200,5,88
13224.0,60,109,1512
13225.0,3,34,3352
13226.0,273,16,80
13227.0,202,9,99
13228.0,81,2,200
13229.0,226,10,63
13230.0,4,612,1544
13232.0,13,207,778
13233.0,74,43,1004
13235.0,212,59,440
13236.0,25,39,411
13238.0,11,32,296
13239.0,262,22,363
13240.0,96,67,298
13242.0,112,13,130
13243.0,203,58,233
13244.0,93,27,38
13245.0,51,16,125
13246.0,18,143,1552
13247.0,18,25,328
13248.0,125,26,305
13249.0,92,23,546
13253.0,157,36,1572
13255.0,4,14,174
13256.0,14,1,12540
13258.0,12,38,287
13259.0,62,87,132
13260.0,61,8,142
13261.0,269,9,210
13262.0,263,11,125
13263.0,1,1677,4780
13265.0,53,91,1752
13266.0,11,202,4299
13267.0,3,224,1939
13268.0,18,447,3635
13269.0,1,320,3509
13270.0,366,1,200
13271.0,37,101,181
13272.0,31,15,96
13273.0,113,16,153
13276.0,64,30,161
13277.0,16,8,176
13278.0,41,46,537
13279.0,64,11,70
13280.0,122,85,522
13282.0,18,40,289
13283.0,60,7,90
13284.0,323,14,79
13285.0,23,187,2051
13291.0,156,42,233
13292.0,39,31,347
13294.0,190,54,453
13295.0,360,11,81
13296.0,137,5,78
13297.0,8,59,963
13298.0,1,2,96
13299.0,268,5,30
13300.0,165,22,201
13301.0,104,81,345
13302.0,155,1,5
13304.0,351,21,238
13305.0,4,81,1232
13307.0,120,1,4
13308.0,23,57,840
13309.0,7,107,1544
13310.0,9,77,575
13311.0,4,26,305
13313.0,22,78,851
13314.0,2,75,484
13316.0,37,88,6947
13317.0,64,135,1003
13318.0,1,20,304
13319.0,5,500,4686
13320.0,70,110,1066
13321.0,72,11,372
13322.0,17,25,117
13323.0,3,21,175
13324.0,32,77,5200
13325.0,82,12,240
13327.0,39,109,1588
13328.0,316,17,680
13329.0,32,19,427
13330.0,93,53,751
13332.0,14,21,179
13334.0,82,268,1774
13336.0,77,51,559
13338.0,154,24,247
13339.0,201,54,326
13340.0,45,134,5770
13341.0,261,42,301
13343.0,173,22,126
13344.0,68,119,971
13345.0,277,22,139
13347.0,70,8,205
13348.0,64,14,136
13349.0,11,16,225
13350.0,16,43,284
13351.0,66,16,117
13352.0,8,27,315
13354.0,71,51,604
13355.0,122,32,314
13356.0,80,42,325
13357.0,257,90,322
13358.0,269,29,285
13359.0,59,24,159
13362.0,3,169,1379
13363.0,18,60,710
13364.0,67,20,0
13365.0,9,132,1238
13366.0,50,1,144
13368.0,257,29,327
13369.0,354,19,127
13370.0,366,44,336
13372.0,90,23,159
13373.0,61,158,1651
13375.0,81,38,441
13376.0,99,53,493
13379.0,26,97,601
13381.0,21,173,2027
13382.0,281,15,131
13384.0,31,155,2415
13385.0,330,35,281
13388.0,121,36,281
13389.0,11,51,429
13390.0,75,13,224
13391.0,204,1,4
13394.0,2,164,2215
13395.0,185,21,336
13396.0,22,47,592
13397.0,73,39,429
13398.0,192,26,281
13402.0,127,39,479
13403.0,18,3,44
13404.0,1,11,111
13405.0,74,27,165
13408.0,2,501,16119
13410.0,9,30,513
13411.0,107,18,72
13414.0,134,24,1574
13416.0,44,19,142
13417.0,5,28,162
13418.0,12,314,3839
13419.0,64,16,275
13420.0,135,10,88
13421.0,40,105,1180
13422.0,51,128,1321
13425.0,108,78,1123
13426.0,1,159,2224
13427.0,19,29,545
13428.0,10,74,156
13429.0,11,67,1390
13430.0,19,54,738
13431.0,67,46,672
13434.0,74,10,300
13435.0,5,103,2125
13436.0,2,12,76
13437.0,14,167,1283
13439.0,255,54,242
13441.0,92,13,204
13447.0,23,62,577
13448.0,17,199,1638
13449.0,24,19,222
13450.0,27,71,1982
13451.0,26,444,2143
13452.0,259,2,2
13453.0,166,17,134
13455.0,25,53,345
13456.0,18,65,756
13458.0,7,394,5460
13460.0,29,17,286
13461.0,39,27,1170
13462.0,183,10,61
13464.0,58,41,403
13466.0,100,18,258
13467.0,11,99,584
13468.0,2,306,2581
13470.0,99,10,100
13471.0,1,260,1590
13473.0,61,22,260
13474.0,236,64,132
13475.0,191,86,1012
13476.0,179,61,414
13477.0,38,81,1018
13479.0,198,16,133
13481.0,46,112,1127
13482.0,232,11,116
13483.0,66,10,160
13484.0,241,8,44
13485.0,233,23,277
13486.0,78,69,669
13487.0,58,34,265
13488.0,17,427,4512
13489.0,105,14,560
13491.0,52,86,903
13492.0,136,50,408
13493.0,275,8,380
13494.0,312,18,162
13495.0,8,52,814
13496.0,11,36,329
13497.0,283,20,159
13499.0,18,45,1358
13500.0,23,67,585
13501.0,243,53,557
13502.0,17,18,264
13503.0,71,17,248
13504.0,64,22,178
13505.0,68,227,2461
13506.0,312,29,321
13507.0,3,162,1597
13508.0,244,12,24
13509.0,9,44,1106
13510.0,1,117,1382
13512.0,261,15,143
13513.0,127,10,109
13514.0,74,4,40
13515.0,73,59,681
13516.0,21,44,985
13517.0,60,143,1360
13518.0,86,38,392
13519.0,50,9,22
13520.0,59,95,1642
13521.0,1,436,736
13522.0,30,5,44
13523.0,33,177,1745
13524.0,41,27,324
13525.0,15,6,394
13527.0,34,224,1673
13529.0,79,15,74
13531.0,205,22,174
13532.0,34,66,129
13533.0,183,76,204
13534.0,2,342,2876
13536.0,1,179,2136
13538.0,43,25,175
13539.0,86,38,314
13544.0,40,87,127
13546.0,12,98,359
13548.0,96,124,441
13549.0,26,52,457
13551.0,319,4,12
13552.0,66,121,1386
13555.0,74,136,2660
13557.0,28,34,546
13558.0,6,175,344
13560.0,7,33,64
13561.0,216,14,83
13562.0,82,82,757
13563.0,84,49,209
13564.0,144,85,659
13565.0,19,38,172
13566.0,41,176,575
13568.0,173,44,70
13569.0,17,85,164
13570.0,243,27,161
13571.0,13,341,1759
13572.0,206,33,534
13573.0,50,26,303
13575.0,23,46,449
13576.0,10,130,2640
13577.0,25,85,771
13579.0,15,23,176
13581.0,309,10,30
13583.0,156,53,725
13584.0,307,24,37
13587.0,32,11,160
13588.0,16,180,2573
13589.0,15,21,114
13590.0,11,89,1846
13591.0,65,58,485
13592.0,36,16,84
13593.0,108,129,707
13594.0,53,26,359
13596.0,6,166,406
13598.0,47,41,57
13599.0,1,264,3169
13600.0,312,19,324
13601.0,45,99,548
13602.0,65,23,267
13603.0,26,27,164
13606.0,29,43,279
13607.0,40,98,290
13610.0,12,228,514
13611.0,89,76,762
13614.0,24,201,570
13615.0,313,24,183
13617.0,40,44,300
13618.0,174,13,246
13621.0,117,19,343
13623.0,31,86,286
13626.0,253,19,209
13627.0,59,94,1266
13629.0,23,59,4372
13630.0,5,80,1377
13631.0,100,12,460
13632.0,25,147,1036
13634.0,33,188,704
13635.0,68,62,677
13636.0,37,64,586
13637.0,52,101,409
13638.0,16,8,93
13639.0,74,40,800
13642.0,216,66,173
13643.0,31,28,273
13644.0,9,148,2060
13645.0,120,5,158
13647.0,10,80,894
13649.0,257,23,139
13650.0,17,98,918
13651.0,35,6,33
13652.0,46,63,578
13654.0,43,166,2182
13655.0,114,56,605
13656.0,165,49,490
13657.0,11,16,209
13658.0,10,112,1009
13659.0,197,108,879
13662.0,86,58,538
13663.0,179,13,91
13666.0,60,12,41
13667.0,149,87,154
13668.0,3,501,3637
13669.0,51,9,237
13670.0,75,25,282
13672.0,301,16,-1
13673.0,19,65,119
13675.0,151,25,330
13678.0,152,16,924
13680.0,1,216,1267
13681.0,18,57,360
13682.0,187,3,10
13684.0,286,31,38
13685.0,3,39,5056
13686.0,183,8,70
13689.0,63,6,512
13690.0,59,9,67
13692.0,25,55,1224
13693.0,325,4,-6
13694.0,4,585,61803
13695.0,31,90,1603
13697.0,39,12,177
13699.0,155,14,66
13700.0,26,197,2304
13703.0,318,1,10
13704.0,5,135,1528
13705.0,8,28,363
13706.0,303,20,189
13707.0,267,48,351
13708.0,271,51,306
13709.0,4,346,3501
13710.0,32,8,176
13711.0,219,13,140
13712.0,247,10,352
13715.0,281,108,555
13716.0,269,21,138
13717.0,32,103,1958
13718.0,246,12,173
13719.0,15,60,609
13720.0,117,43,501
13721.0,36,28,316
13722.0,120,86,1400
13723.0,217,6,43
13725.0,50,118,659
13726.0,39,42,1054
13727.0,29,20,162
13728.0,37,63,458
13730.0,136,43,488
13731.0,219,38,278
13732.0,28,33,498
13735.0,25,208,1083
13736.0,5,194,493
13737.0,200,30,125
13739.0,18,3,54
13740.0,241,23,425
13741.0,72,35,217
13742.0,17,323,1116
13743.0,3,42,1775
13744.0,95,72,1249
13745.0,151,26,486
13747.0,374,1,8
13748.0,96,28,439
13750.0,54,24,516
13751.0,288,9,152
13752.0,124,76,876
13753.0,288,35,512
13754.0,152,12,214
13755.0,4,343,1241
13756.0,2,143,3164
13758.0,12,117,1844
13759.0,33,25,287
13760.0,54,57,197
13761.0,50,70,642
13762.0,204,14,0
13763.0,63,17,725
13764.0,71,208,932
13767.0,2,399,7258
13769.0,2,143,1152
13771.0,64,120,1476
13772.0,34,177,546
13774.0,82,22,192
13777.0,1,219,12804
13778.0,103,9,70
13780.0,7,57,318
13781.0,251,17,30
13782.0,13,115,371
13784.0,10,31,2493
13786.0,367,7,136
13787.0,76,31,337
13790.0,4,45,748
13791.0,43,17,828
13792.0,66,13,92
13798.0,1,439,23514
13799.0,117,39,402
13800.0,310,33,331
13801.0,67,23,168
13802.0,138,66,2281
13803.0,255,17,121
13804.0,31,137,1498
13805.0,52,13,1900
13806.0,64,10,56
13807.0,367,7,36
13808.0,6,76,782
13809.0,305,12,29
13810.0,29,36,311
13811.0,184,14,67
13812.0,42,36,333
13813.0,40,71,550
13814.0,56,58,862
13815.0,22,177,2557
13816.0,24,33,260
13817.0,29,24,211
13819.0,302,36,1109
13821.0,145,59,153
13822.0,6,96,611
13823.0,19,40,439
13824.0,33,46,768
13826.0,158,12,80
13827.0,58,93,141
13828.0,22,15,311
13829.0,359,1,-12
13831.0,16,74,745
13832.0,18,4,25
13833.0,159,29,118
13835.0,25,55,442
13837.0,212,19,183
13838.0,6,174,263
13841.0,253,1,100
13842.0,59,206,1768
13844.0,11,20,196
13845.0,65,9,182
13846.0,25,58,383
13848.0,92,5,3700
13849.0,52,101,1016
13850.0,88,94,941
13851.0,96,81,1705
13853.0,9,24,304
13854.0,9,114,2278
13856.0,169,17,484
13858.0,57,11,75
13859.0,326,28,129
13860.0,1,77,589
13862.0,18,142,1682
13863.0,245,22,219
13865.0,58,30,204
13866.0,74,7,57
13867.0,31,61,513
13868.0,7,33,1964
13869.0,123,307,1721
13870.0,2,118,1320
13871.0,23,338,2801
13873.0,120,24,138
13874.0,358,18,180
13875.0,54,104,1316
13876.0,64,7,36
13877.0,86,3,108
13878.0,55,36,475
13880.0,21,165,1842
13881.0,4,180,10062
13882.0,3,66,950
13883.0,1,155,1368
13884.0,7,60,297
13885.0,189,28,182
13886.0,71,16,126
13887.0,204,19,147
13888.0,120,40,258
13889.0,93,15,146
13890.0,1,114,826
13892.0,27,27,983
13893.0,298,21,190
13894.0,22,30,339
13895.0,21,119,1364
13897.0,50,17,200
13898.0,326,12,133
13899.0,16,19,156
13900.0,183,43,430
13901.0,72,149,1739
13904.0,37,26,332
13908.0,80,126,1470
13911.0,57,148,2731
13914.0,4,34,379
13917.0,50,18,228
13918.0,50,30,1140
13919.0,53,33,437
13922.0,352,7,93
13923.0,54,20,185
13924.0,2,137,1532
13925.0,36,45,327
13926.0,23,11,104
13927.0,75,21,214
13928.0,11,27,129
13929.0,169,10,139
13930.0,58,17,274
13931.0,86,59,721
13932.0,295,16,72
13933.0,109,23,205
13934.0,264,31,390
13936.0,171,27,324
13937.0,169,9,123
13938.0,35,7,70
13939.0,23,46,843
13940.0,17,49,516
13941.0,22,47,2307
13946.0,79,11,443
13947.0,65,5,44
13948.0,361,3,40
13949.0,3,160,2474
13950.0,11,36,321
13951.0,176,39,459
13952.0,211,138,1425
13953.0,7,20,2724
13954.0,2,30,141
13955.0,154,33,154
13956.0,5,152,491
13958.0,372,5,-23
13959.0,79,92,357
13960.0,21,12,142
13962.0,22,11,87
13963.0,308,35,460
13967.0,146,2,42
13969.0,7,633,4483
13971.0,9,158,1818
13972.0,71,15,187
13973.0,287,11,109
13974.0,49,28,249
13975.0,31,340,1725
13976.0,207,10,154
13978.0,15,15,315
13979.0,73,54,639
13980.0,60,11,172
13982.0,39,115,1132
13983.0,30,112,1170
13984.0,27,17,271
13985.0,4,353,3439
13986.0,17,13,430
13988.0,20,239,3025
13989.0,66,41,1313
13990.0,213,16,190
13991.0,12,86,996
13992.0,30,5,64
13993.0,32,125,892
13994.0,4,155,940
13995.0,15,87,867
13999.0,10,212,2231
14000.0,206,16,707
14001.0,46,40,959
14002.0,134,47,877
14004.0,43,171,2668
14005.0,10,84,2478
14006.0,116,30,641
14009.0,198,44,361
14012.0,278,11,160
14013.0,110,34,462
14014.0,77,39,1076
14015.0,53,20,378
14016.0,154,162,2124
14019.0,47,68,1034
14020.0,17,39,441
14021.0,155,22,192
14022.0,225,28,487
14023.0,7,31,345
14024.0,122,16,150
14027.0,61,6,62
14029.0,63,15,198
14030.0,18,243,1479
14031.0,7,258,5370
14032.0,2,152,2008
14034.0,22,92,315
14035.0,29,66,739
14036.0,285,38,268
14037.0,176,28,46
14038.0,78,93,963
14039.0,33,6,92
14040.0,41,241,1524
14041.0,266,21,94
14044.0,27,209,308
14045.0,109,6,535
14046.0,284,14,460
14047.0,9,34,377
14048.0,277,88,274
14049.0,17,505,3846
14050.0,32,54,689
14051.0,1,215,3741
14052.0,20,56,89
14053.0,124,4,215
14054.0,65,6,62
14055.0,106,10,216
14056.0,1,1128,4232
14057.0,24,291,4708
14059.0,267,8,128
14060.0,5,203,5374
14062.0,10,111,5593
14064.0,29,82,1350
14066.0,267,7,45
14067.0,64,52,361
14068.0,320,24,73
14071.0,4,333,900
14073.0,21,14,128
14075.0,5,43,754
14076.0,129,46,81
14077.0,41,42,268
14078.0,102,65,310
14079.0,125,12,301
14080.0,33,4,48
14081.0,267,156,593
14082.0,365,29,110
14083.0,4,181,732
14085.0,2,451,3183
14087.0,3,70,250
14088.0,10,590,12593
14089.0,57,14,134
14090.0,325,1,72
14092.0,8,217,2061
14093.0,12,105,406
14096.0,4,5128,16335
14098.0,37,21,104
14099.0,16,252,2177
14100.0,138,26,64
14101.0,74,35,6942
14102.0,5,84,938
14104.0,155,21,72
14105.0,85,76,798
14107.0,52,124,1788
14108.0,31,35,380
14109.0,23,14,56
14110.0,4,157,2455
14111.0,14,11,457
14112.0,23,173,1608
14113.0,4,40,635
14114.0,274,15,101
14116.0,20,72,707
14117.0,144,3,72
14119.0,354,1,-2
14121.0,4,161,2078
14124.0,84,5,1618
14125.0,11,167,1640
14126.0,8,16,458
14127.0,123,44,321
14128.0,61,46,564
14129.0,2,52,592
14130.0,319,67,258
14132.0,2,201,3366
14133.0,130,30,342
14135.0,2,134,3850
14138.0,2,47,610
14139.0,46,26,510
14140.0,4,67,809
14141.0,3,46,337
14142.0,373,22,313
14143.0,134,7,30
14145.0,47,12,636
14146.0,9,245,1886
14147.0,49,6,96
14148.0,234,3,16
14149.0,213,40,129
14150.0,36,26,496
14152.0,75,50,699
14154.0,239,52,465
14155.0,266,6,25
14156.0,10,1420,57025
14157.0,20,49,273
14158.0,40,41,781
14159.0,20,1212,4395
14161.0,216,108,455
14162.0,174,25,142
14163.0,87,52,893
14164.0,71,29,1033
14165.0,276,25,54
14167.0,39,52,150
14171.0,98,58,167
14173.0,11,29,150
14174.0,33,26,94
14175.0,51,164,1461
14176.0,297,32,207
14177.0,85,43,204
14178.0,9,327,1505
14179.0,41,165,330
14180.0,11,248,710
14184.0,67,24,127
14185.0,331,3,6
14188.0,9,71,1145
14189.0,2,277,3919
14191.0,2,263,3657
14193.0,68,42,445
14194.0,5,604,5783
14195.0,202,8,702
14196.0,107,6,142
14198.0,4,44,280
14199.0,218,2,28
14201.0,60,39,578
14204.0,2,44,82
14205.0,11,39,99
14206.0,239,21,274
14208.0,95,10,114
14209.0,11,88,688
14210.0,91,103,759
14211.0,53,118,1232
14212.0,90,9,1152
14213.0,372,5,-244
14214.0,31,70,748
14215.0,12,109,1354
14216.0,3,59,594
14217.0,2,107,677
14218.0,43,12,160
14219.0,4,7,78
14220.0,247,21,272
14221.0,42,194,2190
14222.0,177,41,607
14223.0,92,61,583
14224.0,110,118,514
14226.0,29,73,1301
14227.0,26,183,1811
14229.0,52,43,590
14231.0,179,54,402
14232.0,32,118,1937
14233.0,44,36,671
14234.0,22,159,963
14235.0,10,80,1947
14236.0,81,15,310
14237.0,373,9,38
14238.0,326,8,111
14239.0,43,116,986
14240.0,30,42,418
14241.0,184,10,146
14242.0,235,16,123
14243.0,9,148,1204
14245.0,176,112,971
14246.0,111,75,804
14247.0,278,20,47
14248.0,318,8,102
14250.0,7,111,1200
14251.0,2,78,1674
14256.0,254,54,410
14257.0,51,107,1677
14258.0,9,112,7098
14259.0,142,5,68
14261.0,51,52,406
14262.0,8,143,1645
14264.0,155,19,66
14265.0,109,31,330
14267.0,151,66,461
14270.0,332,29,197
14271.0,226,10,88
14272.0,74,33,599
14273.0,51,29,264
14276.0,88,75,723
14277.0,15,228,1624
14280.0,197,8,52
14282.0,3,156,2668
14284.0,31,34,157
14285.0,21,27,541
14286.0,24,285,4306
14287.0,8,11,236
14288.0,212,17,187
14289.0,9,47,292
14290.0,11,103,913
14291.0,2,238,2748
14292.0,8,108,1643
14293.0,3,61,709
14295.0,40,7,82
14297.0,18,64,861
14298.0,3,1640,58021
14299.0,8,162,2013
14300.0,19,3,32
14301.0,108,16,600
14304.0,223,27,54
14305.0,71,110,1069
14306.0,51,35,1073
14307.0,89,180,2058
14309.0,8,123,1619
14311.0,225,27,125
14312.0,47,87,1012
14314.0,107,8,296
14315.0,21,104,1010
14317.0,65,24,255
14320.0,207,42,239
14321.0,11,123,2406
14323.0,115,41,340
14326.0,235,9,99
14327.0,163,12,139
14329.0,9,269,3075
14331.0,124,28,252
14332.0,23,26,481
14333.0,64,19,52
14334.0,17,163,1730
14335.0,16,63,379
14336.0,17,90,1759
14338.0,158,34,329
14339.0,235,18,150
14340.0,219,6,58
14341.0,45,130,1401
14342.0,21,24,337
14344.0,127,71,477
14345.0,39,6,50
14346.0,121,60,605
14348.0,260,18,183
14349.0,10,31,86
14350.0,271,21,166
14351.0,165,1,12
14352.0,157,47,538
14353.0,215,6,64
14354.0,6,9,210
14355.0,366,11,92
14356.0,60,38,266
14357.0,43,41,148
14359.0,19,58,363
14360.0,32,118,1151
14362.0,22,41,100
14364.0,109,69,1967
14367.0,8,533,4410
14368.0,320,8,36
14371.0,295,4,34
14373.0,358,4,17
14375.0,185,75,194
14377.0,191,11,219
14379.0,44,46,292
14381.0,52,56,146
14382.0,26,131,1237
14383.0,38,59,817
14385.0,9,14,159
14386.0,297,7,54
14387.0,33,140,819
14388.0,9,191,1933
14389.0,9,62,702
14390.0,10,291,2125
14393.0,218,5,13
14395.0,2,353,1689
14396.0,65,73,225
14397.0,1,95,1852
14400.0,141,26,450
14401.0,4,183,4505
14403.0,130,26,513
14404.0,34,104,831
14406.0,119,8,77
14407.0,107,76,1412
14408.0,11,107,1616
14409.0,71,55,1158
14410.0,16,287,293
14411.0,311,14,196
14412.0,35,45,784
14413.0,362,23,68
14414.0,92,98,2509
14415.0,1,612,2973
14416.0,22,14,326
14418.0,4,124,1711
14419.0,11,206,487
14420.0,85,30,333
14421.0,57,27,365
14422.0,1,222,2906
14423.0,218,3,120
14424.0,18,1,48
14426.0,19,264,2339
14427.0,50,17,228
14428.0,7,148,428
14431.0,299,22,122
14432.0,10,382,2070
14434.0,22,12,368
14436.0,99,9,129
14437.0,143,6,59
14438.0,306,9,82
14439.0,320,32,526
14440.0,8,55,588
14441.0,1,59,430
14442.0,2,68,475
14443.0,54,98,931
14446.0,1,293,933
14447.0,19,70,571
14448.0,9,20,104
14449.0,19,258,757
14450.0,181,40,241
14451.0,60,109,389
14452.0,11,62,119
14453.0,190,22,49
14456.0,5,977,2901
14457.0,311,4,88
14459.0,155,37,760
14460.0,110,17,869
14461.0,148,180,766
14462.0,64,246,932
14463.0,98,6,179
14465.0,247,130,405
14466.0,29,72,1006
14467.0,18,90,278
14470.0,12,43,193
14472.0,104,281,1160
14473.0,74,7,88
14474.0,43,30,139
14475.0,72,47,428
14476.0,257,19,132
14477.0,20,11,719
14479.0,254,18,117
14480.0,11,13,143
14481.0,165,30,489
14482.0,18,144,1646
14483.0,150,10,95
14484.0,50,14,210
14485.0,39,47,71
14487.0,27,145,734
14488.0,51,49,793
14489.0,207,30,299
14491.0,175,17,139
14493.0,7,123,1279
14494.0,26,7,92
14495.0,51,6,62
14496.0,312,19,159
14497.0,301,31,233
14498.0,43,193,1098
14499.0,26,194,501
14500.0,88,7,117
14501.0,64,12,119
14502.0,20,631,1483
14503.0,3,164,2004
14504.0,47,107,308
14505.0,17,803,2743
14506.0,17,316,730
14507.0,24,98,588
14508.0,22,57,131
14511.0,11,71,772
14512.0,188,23,122
14513.0,101,18,355
14514.0,61,73,589
14515.0,18,101,1134
14517.0,33,18,91
14518.0,64,16,278
14520.0,2,4,146
14522.0,24,17,525
14523.0,108,12,251
14524.0,32,203,676
14525.0,9,298,2662
14527.0,3,1011,2049
14528.0,37,18,278
14529.0,60,229,348
14530.0,26,216,1410
14532.0,236,64,284
14533.0,25,65,2777
14534.0,3,558,1925
14535.0,59,333,1825
14536.0,260,19,40
14537.0,58,10,120
14538.0,65,19,155
14539.0,16,32,428
14540.0,10,76,421
14541.0,59,111,647
14542.0,186,5,19
14543.0,4,107,600
14544.0,24,114,1543
14546.0,4,417,1287
14547.0,4,367,2658
14548.0,151,4,256
14549.0,311,56,136
14550.0,11,48,394
14551.0,18,10,106
14552.0,152,58,91
14553.0,19,113,493
14554.0,10,216,1478
14555.0,57,21,130
14557.0,64,32,0
14560.0,7,76,1223
14561.0,76,69,1014
14562.0,4,446,1670
14565.0,96,129,1532
14566.0,111,4,800
14567.0,35,34,410
14569.0,1,12,79
14570.0,281,29,95
14572.0,3,273,1425
14573.0,180,241,538
14576.0,372,1,12
14577.0,13,123,353
14578.0,3,24,240
14581.0,17,17,217
14582.0,41,6,73
14583.0,6,330,792
14584.0,169,101,379
14585.0,50,29,91
14586.0,227,27,236
14587.0,19,384,759
14589.0,372,3,5
14591.0,15,197,1297
14592.0,35,164,415
14593.0,22,152,332
14594.0,7,53,185
14595.0,20,102,978
14597.0,11,55,577
14598.0,44,50,189
14600.0,306,25,125
14601.0,11,7,168
14603.0,275,2,400
14606.0,1,2782,5978
14607.0,16,114,7998
14608.0,4,20,437
14609.0,72,4,7026
14616.0,243,3,104
14618.0,9,17,261
14619.0,239,22,145
14620.0,204,30,188
14621.0,1,96,987
14622.0,185,21,146
14623.0,32,135,417
14624.0,57,13,162
14625.0,185,57,330
14626.0,9,126,1387
14627.0,312,5,-5
14628.0,91,24,272
14629.0,4,153,376
14631.0,51,41,622
14632.0,263,8,96
14633.0,266,20,96
14636.0,36,28,241
14638.0,51,16,166
14639.0,52,175,1428
14640.0,16,113,829
14641.0,22,7,90
14642.0,59,2,76
14643.0,170,34,755
14644.0,9,29,252
14645.0,157,30,381
14646.0,2,2085,196719
14647.0,201,30,95
14649.0,5,199,1018
14651.0,67,102,344
14652.0,77,29,53
14653.0,1,237,950
14655.0,4,50,1088
14656.0,169,80,120
14657.0,18,127,465
14658.0,5,29,47
14659.0,9,259,1183
14660.0,87,30,228
14661.0,27,4,35
14662.0,29,168,602
14664.0,20,99,466
14665.0,61,117,500
14666.0,24,14,161
14667.0,11,576,5382
14669.0,242,170,775
14670.0,280,132,337
14672.0,235,61,454
14673.0,3,74,1004
14675.0,16,102,341
14676.0,31,44,2498
14679.0,372,1,-1
14680.0,25,320,12474
14681.0,71,7,76
14682.0,188,2,80
14684.0,26,421,853
14687.0,107,15,470
14688.0,8,359,3222
14689.0,209,13,76
14690.0,44,54,163
14691.0,31,71,707
14692.0,137,69,255
14693.0,265,8,34
14696.0,4,133,1626
14697.0,218,22,181
14698.0,2,210,615
14699.0,214,8,77
14700.0,32,115,1342
14701.0,11,350,909
14702.0,1,348,1444
14703.0,15,22,183
14704.0,11,415,1082
14705.0,199,1,100
14708.0,3,29,615
14709.0,15,197,2482
14710.0,14,139,378
14711.0,10,359,966
14712.0,29,25,315
14713.0,9,341,1613
14714.0,24,10,229
14715.0,25,71,521
14716.0,43,55,604
14719.0,2,238,1031
14720.0,6,37,219
14722.0,147,29,120
14723.0,10,278,695
14725.0,25,52,593
14727.0,274,10,62
14729.0,374,71,197
14730.0,1,501,1132
14731.0,47,45,256
14732.0,8,149,1402
14733.0,9,216,3725
14735.0,4,205,2160
14737.0,4,17,345
14738.0,39,56,576
14739.0,2,61,3817
14740.0,191,93,729
14741.0,12,59,841
14744.0,16,28,625
14745.0,113,70,1020
14747.0,248,19,82
14748.0,29,92,1192
14752.0,44,5,260
14753.0,87,30,211
14754.0,45,41,486
14755.0,10,237,2217
14756.0,15,38,416
14757.0,75,19,160
14758.0,145,71,419
14759.0,5,102,569
14760.0,294,7,28
14761.0,59,11,118
14762.0,264,21,341
14764.0,44,7,175
14765.0,29,39,135
14766.0,8,137,1323
14768.0,17,6,34
14769.0,3,1094,7406
14770.0,232,52,490
14772.0,112,9,82
14775.0,58,60,1174
14776.0,51,134,2688
14777.0,4,3,-9
14778.0,127,35,306
14779.0,281,41,84
14780.0,55,27,310
14782.0,320,6,114
14784.0,26,15,237
14785.0,10,3,84
14788.0,7,30,421
14789.0,29,6,116
14790.0,17,46,699
14792.0,64,4,0
14793.0,4,15,88
14794.0,3,82,669
14795.0,166,6,17
14796.0,1,1165,5942
14798.0,53,12,150
14799.0,51,13,146
14800.0,48,392,3634
14801.0,61,59,175
14803.0,162,44,370
14804.0,9,12,121
14805.0,15,47,115
14806.0,75,11,330
14808.0,40,256,2054
14810.0,41,255,1016
14813.0,370,30,67
14815.0,37,53,744
14816.0,197,4,5
14817.0,200,63,655
14818.0,74,48,324
14819.0,64,13,109
14820.0,21,29,253
14821.0,367,2,20
14823.0,180,70,88
14824.0,10,29,525
14825.0,4,121,991
14828.0,197,17,2172
14829.0,29,45,414
14830.0,53,40,169
14834.0,18,70,731
14836.0,10,6,45
14837.0,90,110,1430
14840.0,268,4,31
14841.0,53,138,1778
14842.0,35,158,1146
14844.0,64,130,1833
14847.0,149,13,120
14849.0,22,392,5656
14850.0,312,22,285
14851.0,23,28,325
14852.0,58,143,1747
14853.0,9,10,81
14854.0,78,131,1822
14855.0,119,20,267
14856.0,36,66,714
14857.0,60,61,455
14859.0,13,59,669
14860.0,9,12,230
14861.0,52,6,117
14862.0,26,48,772
14863.0,29,11,132
14865.0,7,4,108
14866.0,11,103,6569
14867.0,186,37,327
14868.0,3,147,1399
14869.0,4,72,549
14870.0,262,13,119
14871.0,3,98,185
14873.0,210,28,168
14875.0,9,50,554
14878.0,13,124,802
14880.0,77,47,373
14881.0,20,17,316
14882.0,27,11,158
14883.0,19,54,789
14885.0,132,15,724
14886.0,253,18,160
14887.0,79,6,1100
14888.0,207,20,184
14889.0,336,10,90
14890.0,254,7,51
14891.0,148,33,505
14893.0,10,73,799
14894.0,85,23,265
14895.0,8,506,4823
14896.0,205,43,279
14897.0,8,55,468
14898.0,23,119,1008
14901.0,11,98,659
14902.0,21,24,209
14903.0,21,364,1491
14904.0,2,69,1985
14905.0,154,18,274
14907.0,3,168,1686
14908.0,74,9,132
14910.0,3,35,221
14911.0,1,5903,77180
14912.0,17,28,970
14913.0,36,87,1743
14915.0,86,13,105
14916.0,71,79,1132
14918.0,116,45,675
14920.0,213,57,509
14921.0,30,78,953
14923.0,51,44,418
14924.0,246,10,64
14929.0,32,11,136
14930.0,109,128,1166
14931.0,5,42,416
14932.0,366,17,80
14934.0,73,88,1041
14935.0,297,10,935
14936.0,9,366,4083
14937.0,57,35,483
14944.0,30,172,2801
14946.0,14,3,22
14947.0,72,14,179
14948.0,23,64,661
14950.0,9,20,135
14951.0,79,20,311
14952.0,46,149,3295
14953.0,25,55,225
14954.0,12,85,127
14957.0,253,12,34
14958.0,147,42,129
14959.0,59,61,491
14960.0,8,27,221
14961.0,11,317,3692
14962.0,271,5,44
14963.0,10,198,1176
14964.0,247,13,143
14965.0,96,83,365
14966.0,15,38,187
14967.0,50,6,140
14968.0,30,37,127
14970.0,68,34,250
14971.0,35,160,644
14972.0,128,18,28
14973.0,107,32,369
14974.0,37,21,44
14975.0,57,11,380
14976.0,57,73,230
14978.0,72,216,525
14981.0,246,8,97
14984.0,19,41,60
14985.0,198,87,260
14987.0,16,4,128
14988.0,212,40,141
14995.0,39,61,103
14997.0,46,27,1102
14998.0,170,75,270
15000.0,48,77,218
15002.0,116,115,862
15004.0,147,158,630
15005.0,16,1160,4204
15006.0,51,144,302
15007.0,159,12,69
15009.0,12,182,642
15010.0,36,20,184
15012.0,54,128,231
15014.0,43,35,151
15016.0,173,20,76
15017.0,34,20,63
15018.0,39,32,188
15019.0,267,70,159
15021.0,9,479,829
15022.0,12,135,543
15023.0,3,563,2863
15024.0,10,155,920
15025.0,33,72,189
15026.0,80,61,285
15027.0,31,37,563
15028.0,8,48,459
15030.0,72,7,372
15031.0,4,111,401
15032.0,256,55,2668
15033.0,5,513,1692
15034.0,16,400,2411
15035.0,90,27,245
15036.0,72,127,327
15038.0,43,133,187
15039.0,10,1508,9191
15041.0,170,67,104
15042.0,199,5,30
15043.0,31,3,300
15044.0,19,461,2786
15045.0,152,13,106
15046.0,9,207,3307
15047.0,270,22,222
15048.0,65,98,183
15049.0,274,3,63
15050.0,25,80,1184
15051.0,23,143,1011
15052.0,319,30,82
15053.0,5,71,986
15054.0,12,114,198
15057.0,275,25,668
15058.0,25,276,1069
15059.0,41,239,602
15060.0,8,121,263
15061.0,4,410,28590
15062.0,71,57,763
15063.0,213,5,56
15065.0,38,158,1355
15066.0,32,53,279
15067.0,78,82,954
15068.0,46,104,364
15069.0,179,70,520
15070.0,373,1,36
15071.0,94,26,269
15073.0,10,76,277
15074.0,105,42,455
15075.0,78,27,447
15076.0,173,49,571
15078.0,7,451,5069
15079.0,213,48,388
15081.0,22,35,188
15083.0,257,5,38
15087.0,282,15,470
15088.0,21,60,457
15089.0,10,145,1359
15090.0,308,23,208
15091.0,54,31,343
15092.0,215,26,135
15093.0,18,112,3733
15095.0,104,49,1077
15096.0,43,11,120
15097.0,4,25,170
15098.0,182,5,60
15099.0,84,23,343
15100.0,330,6,58
15101.0,9,9,239
15103.0,31,35,329
15104.0,167,71,635
15105.0,18,101,1211
15106.0,18,102,1144
15107.0,311,20,162
15108.0,142,61,497
15109.0,241,31,127
15110.0,24,40,240
15111.0,29,84,710
15113.0,10,101,2362
15114.0,30,197,3096
15115.0,18,21,157
15116.0,18,45,648
15117.0,15,80,1947
15118.0,134,1,1440
15119.0,246,14,88
15120.0,130,22,292
15121.0,50,28,199
15122.0,85,87,788
15123.0,7,106,1195
15124.0,23,15,233
15125.0,25,140,5991
15127.0,66,16,251
15128.0,60,111,1326
15129.0,50,84,1794
15130.0,170,22,197
15132.0,18,52,679
15133.0,128,29,680
15134.0,15,73,887
15135.0,233,10,41
15136.0,3,69,775
15139.0,240,13,208
15140.0,52,81,1567
15142.0,46,26,365
15143.0,226,14,150
15144.0,8,218,3026
15145.0,4,67,756
15146.0,165,95,1459
15147.0,219,29,363
15148.0,11,20,187
15149.0,134,23,128
15150.0,17,344,3633
15152.0,10,278,2694
15153.0,31,22,198
15154.0,74,92,97
15156.0,1,55,597
15157.0,4,133,2242
15158.0,45,7,198
15159.0,2,720,11394
15160.0,357,4,84
15163.0,18,29,186
15164.0,69,103,360
15165.0,373,27,160
15167.0,321,41,67
15168.0,26,5,52
15171.0,325,7,190
15172.0,9,110,1611
15174.0,323,11,145
15175.0,72,23,454
15178.0,260,3,30
15179.0,18,95,1907
15180.0,367,6,36
15181.0,66,18,542
15182.0,154,29,253
15184.0,29,63,223
15185.0,70,21,666
15186.0,14,19,215
15187.0,2,93,1869
15189.0,1,232,6035
15192.0,120,51,918
15193.0,61,19,144
15194.0,3,326,5648
15195.0,3,1,1404
15197.0,9,36,453
15198.0,92,10,120
15199.0,59,13,396
15201.0,79,97,962
15203.0,26,142,1753
15204.0,357,9,258
15205.0,85,38,377
15206.0,10,9,162
15208.0,1,43,314
15210.0,225,20,228
15211.0,60,52,240
15212.0,239,7,33
15213.0,319,25,270
15214.0,2,110,1254
15215.0,45,43,211
15216.0,88,2,28
15218.0,11,166,3329
15219.0,176,9,45
15220.0,52,119,1377
15221.0,366,11,25
15222.0,319,5,440
15223.0,226,32,98
15224.0,358,16,150
15225.0,234,23,226
15226.0,311,8,71
15227.0,37,58,750
15228.0,66,126,2252
15230.0,239,23,351
15232.0,113,31,686
15234.0,277,14,196
15235.0,218,143,1324
15236.0,299,15,269
15237.0,2,99,1071
15238.0,29,52,689
15239.0,10,52,591
15240.0,45,83,1361
15241.0,67,111,1815
15243.0,74,22,185
15244.0,65,34,405
15245.0,134,89,1784
15246.0,238,33,247
15247.0,122,6,160
15249.0,32,358,3557
15251.0,9,121,6084
15252.0,36,44,522
15253.0,16,55,864
15254.0,127,18,275
15255.0,67,47,489
15256.0,149,6,55
15257.0,281,8,45
15258.0,169,34,142
15260.0,100,78,861
15261.0,135,19,270
15262.0,324,10,73
15263.0,107,12,89
15264.0,64,23,265
15265.0,151,82,612
15266.0,338,6,18
15267.0,22,11,944
15269.0,24,2,26
15270.0,16,48,1459
15271.0,7,275,1257
15272.0,57,63,310
15274.0,4,47,619
15275.0,31,42,497
15276.0,66,52,64
15277.0,47,12,205
15279.0,355,21,185
15280.0,172,16,154
15281.0,59,150,1193
15286.0,50,3,55
15287.0,22,21,432
15288.0,43,88,775
15289.0,29,59,996
15290.0,5,212,4431
15291.0,26,109,2074
15292.0,201,25,56
15296.0,44,200,1757
15297.0,10,41,290
15298.0,2,194,2752
15299.0,67,12,2940
15300.0,64,28,292
15301.0,51,247,2768
15303.0,290,31,248
15304.0,61,26,100
15306.0,64,58,810
15307.0,96,12,37
15308.0,271,21,173
15311.0,1,2491,37720
15312.0,75,48,513
15313.0,110,1,25
15314.0,199,24,313
15315.0,64,38,838
15316.0,327,1,100
15318.0,4,33,642
15319.0,284,16,175
15320.0,44,36,326
15321.0,49,106,1163
15322.0,64,49,365
15325.0,104,49,232
15326.0,334,29,386
15327.0,53,10,116
15329.0,35,62,476
15330.0,32,13,1312
15332.0,366,35,652
15333.0,208,16,344
15334.0,157,99,274
15335.0,54,36,80
15339.0,66,88,414
15341.0,81,17,812
15342.0,116,26,276
15343.0,87,21,84
15344.0,1,32,106
15345.0,35,23,78
15346.0,333,17,144
15347.0,366,5,130
15348.0,72,9,84
15349.0,158,72,327
15350.0,373,5,51
15351.0,12,233,732
15353.0,255,63,343
15355.0,29,14,45
15356.0,31,519,1673
15358.0,5,561,6927
15360.0,40,13,223
15361.0,362,7,336
15363.0,241,17,143
15364.0,96,29,493
15365.0,26,151,758
15366.0,75,44,621
15367.0,57,96,1055
15368.0,21,4,230
15369.0,144,1,-1
15370.0,41,95,828
15372.0,137,27,2924
15373.0,8,137,476
15374.0,129,3,126
15376.0,40,117,619
15379.0,169,196,2293
15380.0,9,37,374
15381.0,214,8,171
15382.0,15,306,4003
15384.0,170,43,593
15385.0,40,12,161
15386.0,186,31,446
15388.0,270,10,88
15389.0,172,1,400
15392.0,5,85,1265
15393.0,16,12,150
15394.0,10,85,910
15395.0,326,7,17
15396.0,113,14,122
15397.0,290,6,20
15398.0,16,74,767
15399.0,1,50,611
15400.0,92,13,360
15402.0,149,42,694
15405.0,189,8,193
15406.0,18,58,236
15407.0,34,153,558
15408.0,264,34,106
15410.0,84,122,1200
15411.0,26,100,528
15412.0,171,10,108
15414.0,10,39,443
15415.0,313,48,575
15416.0,65,193,2089
15417.0,85,28,284
15419.0,25,8,230
15421.0,59,53,500
15422.0,323,6,38
15423.0,38,2,101
15424.0,254,17,554
15426.0,19,300,663
15427.0,33,306,1013
15428.0,15,6,102
15429.0,27,83,369
15432.0,23,10,65
15433.0,79,53,399
15434.0,8,59,638
15435.0,22,29,54
15436.0,12,329,613
15437.0,262,45,79
15438.0,131,25,59
15440.0,55,62,197
15442.0,249,2,120
15443.0,2,385,1660
15444.0,9,219,764
15445.0,264,5,58
15447.0,331,9,85
15448.0,313,28,232
15449.0,26,62,810
15450.0,30,30,376
15452.0,30,58,283
15453.0,2,286,845
15454.0,362,25,86
15456.0,283,60,660
15457.0,262,58,132
15458.0,25,7,156
15460.0,354,58,109
15462.0,94,11,172
15463.0,29,7,106
15464.0,338,157,350
15465.0,20,104,1217
15466.0,85,57,246
15467.0,9,53,306
15468.0,35,29,150
15469.0,43,27,150
15471.0,2,77,266
15472.0,113,76,251
15473.0,14,14,552
15475.0,77,29,319
15478.0,40,46,585
15480.0,116,45,303
15482.0,16,127,2998
15483.0,161,88,295
15484.0,1,189,3136
15485.0,30,86,1306
15488.0,93,2,73
15489.0,23,55,593
15491.0,95,155,1624
15492.0,28,35,483
15493.0,33,299,555
15494.0,21,125,1148
15497.0,18,16,622
15498.0,1,523,6084
15500.0,8,68,572
15502.0,16,252,3823
15503.0,363,70,74
15504.0,81,13,33
15505.0,53,99,2348
15506.0,23,164,848
15507.0,172,46,162
15508.0,189,92,440
15510.0,331,1,2
15511.0,12,160,271
15512.0,156,7,68
15513.0,31,314,5545
15514.0,12,218,1791
15516.0,45,15,27
15517.0,233,27,293
15518.0,64,220,1262
15520.0,2,18,314
15521.0,36,200,1674
15522.0,33,57,573
15523.0,84,10,132
15524.0,25,1,4
15525.0,2,180,414
15526.0,33,4,24
15527.0,19,166,988
15528.0,254,26,123
15529.0,23,674,3489
15530.0,22,108,950
15531.0,8,228,1105
15532.0,25,263,508
15533.0,19,86,256
15535.0,173,78,129
15537.0,163,24,29
15539.0,7,41,410
15540.0,11,15,200
15541.0,114,29,49
15543.0,288,28,86
15544.0,9,261,3105
15545.0,54,81,163
15547.0,7,702,4032
15549.0,77,116,688
15550.0,4,61,295
15551.0,37,29,218
15552.0,217,17,60
15553.0,60,56,451
15554.0,278,14,74
15555.0,12,925,4410
15556.0,24,31,236
15557.0,29,20,219
15561.0,12,31,256
15562.0,352,1,39
15563.0,9,117,1460
15565.0,50,8,60
15567.0,19,7,223
15568.0,3,53,461
15569.0,104,31,666
15570.0,7,330,2058
15571.0,12,57,264
15572.0,5,215,1229
15573.0,32,104,363
15574.0,178,168,349
15576.0,38,45,404
15577.0,151,39,89
15578.0,162,13,52
15579.0,69,51,120
15581.0,121,151,286
15582.0,25,44,453
15584.0,24,125,312
15585.0,177,31,320
15587.0,50,9,312
15589.0,253,30,242
15590.0,289,1,-1
15592.0,47,24,354
15593.0,71,5,60
15594.0,16,104,982
15596.0,101,84,548
15597.0,30,23,276
15598.0,35,16,156
15599.0,27,52,718
15601.0,11,414,4978
15602.0,8,54,1001
15603.0,79,2,96
15604.0,52,17,159
15605.0,36,67,441
15606.0,57,91,720
15607.0,337,13,202
15608.0,28,60,714
15609.0,183,18,145
15610.0,52,6,66
15611.0,10,45,498
15612.0,36,6,52
15615.0,10,429,5493
15618.0,33,49,428
15619.0,11,3,136
15620.0,50,104,899
15621.0,4,18,463
15622.0,3,214,1552
15623.0,141,19,125
15624.0,117,34,357
15625.0,100,68,1166
15626.0,75,49,766
15628.0,5,157,1882
15630.0,45,61,799
15632.0,16,177,2049
15634.0,17,15,99
15636.0,90,25,284
15637.0,53,15,128
15638.0,301,2,-52
15639.0,134,25,323
15640.0,4,495,6572
15641.0,105,119,1562
15643.0,179,36,242
15644.0,166,238,557
15645.0,19,52,256
15646.0,158,36,388
15648.0,204,28,213
15649.0,336,2,192
15651.0,37,32,479
15652.0,91,21,208
15653.0,93,6,1200
15654.0,9,21,475
15655.0,233,37,319
15656.0,45,47,343
15657.0,23,1,24
15658.0,190,56,232
15659.0,44,11,111
15660.0,25,94,1037
15661.0,317,5,236
15663.0,106,9,106
15664.0,51,19,141
15665.0,168,116,1666
15667.0,40,13,240
15668.0,218,1,72
15669.0,40,35,339
15670.0,297,12,91
15671.0,19,81,1681
15673.0,88,155,1514
15674.0,73,135,1075
15675.0,81,21,527
15676.0,9,216,2231
15677.0,49,33,319
15678.0,53,12,184
15679.0,24,110,1170
15680.0,9,78,952
15681.0,18,67,556
15683.0,117,10,131
15687.0,9,168,1308
15689.0,120,9,84
15690.0,4,19,408
15691.0,252,2,72
15692.0,28,12,138
15694.0,1,79,1665
15695.0,267,22,212
15696.0,33,177,1022
15699.0,18,18,113
15700.0,172,89,328
15701.0,2,237,923
15703.0,265,5,66
15704.0,140,117,1028
15705.0,201,6,62
15706.0,60,59,305
15707.0,35,214,605
15708.0,41,297,1258
15709.0,284,6,121
15712.0,9,53,486
15713.0,143,20,149
15714.0,12,35,187
15716.0,146,118,744
15717.0,234,7,70
15719.0,33,938,2724
15720.0,24,128,281
15721.0,12,91,409
15722.0,36,72,1021
15723.0,365,41,87
15724.0,201,12,72
15725.0,15,32,221
15727.0,17,302,3065
15728.0,49,4,-34
15729.0,198,6,24
15730.0,66,73,683
15732.0,212,14,215
15733.0,283,10,62
15734.0,115,26,346
15737.0,15,81,584
15738.0,19,176,2967
15739.0,66,8,472
15740.0,49,9,152
15743.0,16,88,216
15744.0,78,3,120
15745.0,9,65,412
15746.0,134,29,130
15747.0,13,93,480
15748.0,40,21,51
15749.0,235,15,9014
15750.0,3,295,1779
15752.0,40,412,1973
15753.0,305,1,144
15754.0,51,29,197
15755.0,1,149,1397
15756.0,61,192,242
15757.0,66,45,491
15758.0,25,9,47
15759.0,218,7,60
15762.0,65,37,251
15763.0,32,63,268
15764.0,81,188,2036
15766.0,64,11,170
15768.0,116,28,243
15769.0,7,147,27660
15773.0,6,10,311
15774.0,69,25,87
15775.0,245,7,68
15776.0,133,18,138
15777.0,241,22,375
15780.0,184,29,220
15781.0,25,21,178
15782.0,10,44,863
15783.0,11,14,212
15785.0,30,87,1594
15786.0,44,280,3331
15787.0,26,206,540
15789.0,358,25,438
15790.0,10,35,114
15791.0,44,76,730
15793.0,9,13,552
15795.0,150,42,581
15796.0,1,135,859
15797.0,113,8,873
15799.0,76,98,955
15800.0,107,119,335
15801.0,46,69,562
15802.0,143,3,-1
15803.0,51,8,290
15804.0,1,274,2515
15805.0,23,307,3337
15806.0,46,31,602
15807.0,50,48,430
15808.0,306,210,1341
15809.0,36,43,251
15810.0,79,112,737
15811.0,17,139,1061
15812.0,107,41,922
15813.0,208,40,603
15814.0,3,74,1247
15815.0,64,49,1856
15819.0,49,123,1357
15820.0,320,17,128
15821.0,44,62,202
15822.0,3,33,375
15823.0,337,17,-283
15825.0,172,20,220
15826.0,51,69,962
15827.0,73,134,842
15829.0,99,51,996
15830.0,29,41,409
15831.0,58,69,1097
15832.0,254,54,465
15834.0,70,276,961
15835.0,44,50,439
15836.0,45,12,24
15837.0,65,24,189
15838.0,11,169,9007
15839.0,25,65,670
15840.0,59,28,394
15841.0,64,50,926
15843.0,304,8,27
15844.0,46,11,134
15845.0,18,140,1918
15847.0,38,22,449
15850.0,19,97,302
15852.0,187,22,48
15853.0,52,30,135
15854.0,4,140,939
15855.0,137,80,470
15856.0,4,653,10941
15857.0,19,14,308
15858.0,16,191,1167
15860.0,41,142,440
15861.0,12,547,2543
15862.0,8,147,585
15863.0,26,18,19
15864.0,22,24,1044
15865.0,41,40,368
15866.0,101,45,126
15867.0,5,463,2052
15869.0,277,15,175
15870.0,33,76,335
15872.0,15,128,212
15874.0,63,137,2506
15877.0,2,131,246
15880.0,369,106,187
15881.0,312,32,199
15882.0,199,24,266
15883.0,2,49,223
15885.0,93,18,111
15886.0,60,12,147
15888.0,80,14,60
15889.0,157,93,215
15891.0,227,62,442
15894.0,253,41,168
15895.0,150,11,94
15897.0,194,24,261
15898.0,1,87,568
15899.0,369,4,39
15900.0,24,51,221
15901.0,17,116,384
15903.0,10,75,2409
15904.0,8,30,84
15906.0,20,151,538
15907.0,4,249,509
15909.0,174,7,98
15910.0,1,267,1015
15912.0,178,19,185
15916.0,16,160,752
15917.0,248,12,42
15918.0,191,40,153
15919.0,20,143,545
15920.0,154,60,99
15921.0,173,25,166
15922.0,372,12,136
15923.0,373,21,122
15925.0,194,12,93
15930.0,67,21,139
15932.0,4,119,2311
15933.0,21,74,885
15935.0,239,12,115
15937.0,64,7,73
15938.0,112,18,240
15939.0,90,77,4725
15940.0,311,2,3
15942.0,134,14,232
15944.0,277,6,50
15945.0,365,2,52
15947.0,83,29,898
15948.0,8,60,567
15949.0,17,19,284
15950.0,2,103,722
15951.0,1,43,306
15952.0,34,91,399
15953.0,15,103,885
15955.0,24,185,2124
15957.0,32,42,211
15958.0,74,7,33
15963.0,20,28,298
15965.0,17,122,453
15967.0,23,84,211
15969.0,3,21,120
15970.0,304,11,116
15971.0,18,35,1717
15973.0,236,6,87
15974.0,39,177,2256
15975.0,84,24,243
15976.0,165,98,277
15977.0,17,65,1016
15978.0,77,49,888
15980.0,89,43,1560
15981.0,25,97,1866
15983.0,22,113,892
15984.0,3,275,1833
15985.0,123,38,836
15986.0,30,14,268
15987.0,12,140,1556
15988.0,19,27,181
15990.0,44,52,443
15992.0,4,3,17
15993.0,9,560,2042
15994.0,55,35,177
15996.0,88,131,382
15998.0,37,509,2037
16000.0,3,9,5110
16003.0,30,103,1185
16005.0,12,218,300
16006.0,211,8,84
16007.0,48,385,1393
16008.0,24,33,323
16009.0,22,90,378
16010.0,246,86,210
16011.0,8,212,2042
16012.0,35,94,799
16013.0,4,151,13845
16014.0,36,148,261
16015.0,4,184,906
16016.0,3,237,618
16017.0,47,32,102
16018.0,39,28,190
16019.0,2,165,1649
16020.0,17,46,487
16022.0,260,76,261
16023.0,46,101,358
16024.0,12,64,398
16025.0,30,28,338
16026.0,43,32,243
16027.0,92,17,1146
16029.0,39,274,32148
16030.0,310,29,283
16031.0,92,100,423
16033.0,6,1152,3516
16034.0,196,22,242
16036.0,87,55,716
16037.0,270,39,428
16038.0,8,28,241
16040.0,65,65,684
16041.0,31,6,1584
16042.0,22,75,745
16043.0,38,39,503
16045.0,120,83,897
16048.0,86,9,143
16049.0,40,312,793
16050.0,174,10,278
16052.0,54,34,282
16053.0,33,84,1793
16054.0,145,70,380
16055.0,221,8,22
16056.0,45,68,347
16057.0,4,134,833
16059.0,66,180,643
16061.0,269,1,-1
16062.0,10,64,800
16063.0,260,23,262
16065.0,365,74,231
16066.0,17,102,936
16070.0,22,33,457
16071.0,45,21,180
16072.0,288,23,140
16073.0,292,2,37
16076.0,3,131,1363
16078.0,284,1,16
16079.0,17,21,864
16080.0,82,11,104
16081.0,56,227,1477
16083.0,101,31,908
16084.0,299,38,216
16085.0,23,167,636
16086.0,59,40,510
16091.0,155,18,154
16092.0,99,53,602
16093.0,107,1,20
16094.0,12,67,633
16096.0,264,12,155
16097.0,240,10,87
16098.0,88,67,613
16099.0,50,39,434
16101.0,9,83,738
16102.0,42,57,942
16103.0,7,48,558
16104.0,62,29,123
16105.0,249,13,330
16106.0,66,6,74
16107.0,18,31,1176
16108.0,85,49,599
16109.0,219,18,612
16110.0,45,354,733
16112.0,143,16,574
16113.0,183,30,176
16114.0,171,8,43
16115.0,10,284,1001
16116.0,206,35,246
16117.0,190,30,130
16119.0,8,16,240
16120.0,59,32,866
16121.0,57,212,586
16122.0,73,38,1128
16123.0,52,16,170
16124.0,316,16,41
16125.0,367,13,124
16126.0,29,117,2125
16127.0,39,40,323
16128.0,18,89,988
16131.0,52,78,1802
16133.0,4,365,8738
16134.0,22,38,357
16135.0,263,21,209
16136.0,60,37,440
16138.0,368,1,-1
16139.0,19,31,330
16140.0,53,37,727
16141.0,88,30,238
16142.0,250,37,422
16143.0,3,118,917
16144.0,247,1,16
16145.0,9,237,3072
16146.0,157,29,427
16147.0,134,22,246
16148.0,296,1,72
16149.0,5,18,308
16150.0,39,136,1004
16152.0,269,29,642
16153.0,50,89,1073
16156.0,9,139,1270
16157.0,16,19,344
16159.0,282,14,236
16160.0,64,22,1153
16161.0,2,502,2506
16162.0,252,2,4
16163.0,225,7,92
16164.0,17,35,432
16168.0,11,99,1888
16169.0,8,85,1325
16170.0,51,127,1766
16171.0,59,3,24
16172.0,95,69,787
16173.0,16,87,571
16174.0,126,23,651
16175.0,94,58,533
16177.0,50,15,95
16178.0,138,8,94
16179.0,61,11,99
16180.0,100,176,5853
16181.0,73,11,152
16182.0,72,28,3791
16183.0,67,15,113
16184.0,64,46,560
16185.0,17,31,260
16186.0,23,219,3008
16187.0,32,297,5004
16188.0,45,67,782
16189.0,16,11,134
16190.0,40,6,88
16191.0,3,151,3203
16193.0,237,19,219
16198.0,75,15,129
16200.0,4,179,523
16201.0,3,115,1267
16202.0,361,18,191
16203.0,59,36,261
16204.0,23,57,231
16205.0,31,98,517
16206.0,55,63,272
16207.0,25,19,140
16208.0,45,66,333
16209.0,89,46,1179
16210.0,2,123,7559
16211.0,81,24,153
16212.0,19,43,241
16213.0,79,6,48
16214.0,171,44,420
16215.0,81,14,104
16216.0,267,37,254
16217.0,235,19,76
16218.0,30,90,2077
16221.0,37,97,717
16222.0,318,137,365
16224.0,57,96,1116
16225.0,45,134,493
16226.0,203,8,192
16227.0,219,7,88
16229.0,87,47,318
16230.0,190,35,365
16232.0,33,38,547
16233.0,71,25,165
16235.0,41,48,328
16236.0,78,20,184
16239.0,57,21,218
16240.0,8,142,1634
16241.0,10,662,1453
16242.0,8,295,1981
16243.0,34,51,110
16244.0,212,91,855
16245.0,24,93,1008
16247.0,170,16,182
16248.0,62,7,78
16249.0,53,69,950
16250.0,261,24,208
16252.0,366,21,-158
16253.0,32,124,3137
16255.0,17,274,1760
16256.0,258,14,577
16257.0,177,2,2
16258.0,45,135,2994
16260.0,51,18,311
16261.0,17,124,306
16262.0,361,3,-5
16265.0,9,260,2627
16266.0,74,61,398
16268.0,71,45,533
16270.0,353,54,688
16271.0,3,134,1037
16272.0,117,25,224
16274.0,373,67,155
16275.0,197,33,336
16276.0,177,6,420
16278.0,23,25,109
16279.0,21,109,1052
16281.0,72,17,934
16282.0,340,11,114
16283.0,6,168,1222
16284.0,31,109,544
16287.0,170,8,298
16292.0,117,19,188
16293.0,9,120,978
16295.0,10,79,841
16297.0,213,23,180
16298.0,23,27,198
16302.0,108,12,134
16303.0,26,167,2621
16305.0,139,22,256
16306.0,214,44,471
16308.0,38,4,8000
16309.0,92,44,465
16311.0,18,37,394
16313.0,3,16,165
16315.0,331,14,75
16316.0,64,156,1466
16317.0,120,69,890
16318.0,35,19,199
16319.0,218,3,72
16320.0,172,56,732
16321.0,72,16,78
16322.0,1,37,231
16323.0,196,1,50
16324.0,128,118,282
16325.0,44,20,164
16326.0,6,320,689
16327.0,14,319,2571
16330.0,18,41,145
16332.0,28,154,793
16333.0,8,45,32184
16337.0,37,10,87
16338.0,157,11,94
16339.0,284,20,23
16340.0,107,153,501
16341.0,25,84,1388
16342.0,75,15,157
16343.0,16,47,195
16344.0,158,2,18
16345.0,44,38,289
16347.0,11,92,353
16348.0,32,235,819
16349.0,291,9,9
16350.0,21,60,542
16351.0,333,8,90
16352.0,18,28,300
16353.0,4,94,2006
16354.0,63,39,150
16356.0,198,32,92
16357.0,33,34,246
16358.0,1,110,1301
16359.0,7,70,1154
16360.0,5,671,2128
16361.0,10,106,421
16362.0,32,90,325
16363.0,53,5,52
16364.0,12,53,280
16365.0,18,51,504
16366.0,19,18,256
16367.0,37,130,647
16368.0,2,76,260
16369.0,18,118,1035
16370.0,82,228,647
16372.0,33,97,166
16374.0,66,111,240
16376.0,9,128,689
16377.0,267,5,1500
16378.0,247,23,267
16379.0,4,109,1408
16380.0,61,32,1524
16383.0,75,102,475
16384.0,90,33,260
16385.0,60,59,261
16386.0,29,88,224
16387.0,323,4,44
16389.0,53,35,1230
16392.0,270,45,203
16393.0,2,358,1529
16394.0,50,100,2317
16395.0,61,210,1476
16398.0,145,86,745
16399.0,19,73,264
16400.0,95,29,172
16401.0,1,198,3858
16402.0,265,60,149
16403.0,302,15,103
16404.0,70,23,157
16405.0,302,5,187
16406.0,19,63,123
16407.0,13,172,1124
16409.0,36,232,1306
16411.0,19,45,132
16412.0,54,35,73
16413.0,57,31,148
16414.0,22,7,27
16415.0,44,54,187
16416.0,27,73,655
16418.0,45,102,288
16419.0,113,52,435
16422.0,17,399,32592
16423.0,25,18,230
16424.0,191,6,82
16425.0,302,21,199
16426.0,2,372,1243
16427.0,263,9,156
16428.0,81,1,-1
16429.0,106,2,9
16430.0,57,6,103
16431.0,213,83,453
16432.0,64,8,276
16433.0,28,17,106
16434.0,29,109,767
16438.0,6,132,463
16440.0,8,282,2018
16441.0,67,24,173
16442.0,2,174,446
16444.0,46,86,405
16445.0,34,63,111
16446.0,1,4,2
16447.0,136,36,223
16448.0,198,20,78
16449.0,191,43,359
16450.0,150,11,200
16451.0,88,14,120
16454.0,45,3,2
16455.0,64,99,988
16456.0,99,111,1148
16457.0,218,9,140
16458.0,3,202,2154
16460.0,28,135,879
16461.0,178,33,49
16462.0,64,4,12
16463.0,21,85,1135
16464.0,20,236,963
16466.0,34,148,789
16468.0,74,2,31
16469.0,24,182,273
16470.0,52,171,530
16471.0,275,13,141
16473.0,165,19,195
16474.0,7,368,918
16475.0,88,28,319
16477.0,64,146,1415
16478.0,25,17,224
16479.0,10,35,102
16480.0,76,53,455
16482.0,16,18,346
16483.0,192,19,44
16484.0,174,26,194
16485.0,77,42,235
16488.0,33,31,724
16491.0,47,39,478
16493.0,73,62,1113
16494.0,297,50,675
16495.0,3,97,337
16496.0,9,97,1091
16497.0,50,136,1396
16498.0,161,16,42
16499.0,360,22,122
16500.0,5,11,123
16503.0,107,86,567
16504.0,25,86,524
16505.0,32,4,576
16506.0,20,3,42
16509.0,297,13,64
16510.0,372,13,92
16511.0,22,169,417
16513.0,5,35,407
16515.0,52,113,833
16516.0,30,6,58
16517.0,277,17,96
16518.0,61,42,325
16519.0,25,13,54
16520.0,186,157,557
16523.0,2,298,4233
16525.0,2,200,6493
16526.0,172,15,106
16527.0,81,14,106
16528.0,4,17,171
16529.0,190,30,198
16531.0,22,77,915
16532.0,18,4,2016
16533.0,19,181,514
16535.0,5,31,356
16536.0,107,56,250
16539.0,3,45,477
16542.0,54,5,46
16545.0,165,3,78
16546.0,291,31,-303
16549.0,10,981,2365
16550.0,109,261,1526
16551.0,96,32,970
16552.0,243,17,219
16553.0,163,86,4595
16554.0,3,74,311
16555.0,35,17,175
16556.0,67,207,1890
16557.0,24,11,111
16558.0,1,474,5346
16560.0,21,58,498
16561.0,6,31,244
16563.0,54,19,486
16565.0,364,3,46
16566.0,15,19,361
16567.0,194,35,996
16569.0,3,5,93
16570.0,9,133,2050
16571.0,3,106,1176
16572.0,127,58,530
16573.0,74,46,354
16574.0,71,28,416
16579.0,365,1,-12
16581.0,155,11,122
16582.0,113,6,164
16583.0,374,14,111
16584.0,80,31,635
16586.0,249,8,95
16587.0,232,13,71
16589.0,71,33,368
16591.0,69,10,41
16592.0,4,222,2914
16593.0,51,27,116
16594.0,75,53,64
16595.0,61,85,335
16596.0,16,12,97
16597.0,4,7,184
16598.0,277,11,70
16600.0,4,62,1145
16601.0,41,31,134
16602.0,31,32,317
16603.0,75,34,480
16607.0,18,174,2822
16609.0,15,280,2410
16610.0,219,6,66
16611.0,186,11,46
16612.0,33,66,506
16613.0,70,30,293
16614.0,183,26,223
16616.0,15,33,370
16617.0,236,5,91
16618.0,31,97,1362
16619.0,254,16,129
16620.0,4,9,88
16621.0,52,29,302
16623.0,246,5,39
16624.0,81,48,488
16625.0,275,23,164
16626.0,1,184,2670
16627.0,79,20,162
16628.0,30,119,1202
16629.0,74,64,493
16633.0,17,153,1137
16634.0,223,9,82
16637.0,32,72,891
16638.0,23,95,1254
16639.0,25,52,503
16641.0,106,12,256
16642.0,5,35,478
16643.0,246,27,269
16644.0,178,62,826
16647.0,170,14,146
16648.0,39,21,269
16650.0,72,24,372
16652.0,54,123,3267
16653.0,16,76,723
16654.0,141,31,280
16655.0,18,261,2367
16656.0,22,80,8873
16657.0,10,208,1229
16658.0,368,8,40
16659.0,189,2,72
16660.0,16,17,451
16665.0,362,9,59
16666.0,19,32,233
16667.0,68,53,237
16668.0,15,20,318
16669.0,24,161,883
16670.0,17,262,2524
16671.0,28,6,875
16672.0,2,117,2812
16674.0,55,98,188
16676.0,34,92,631
16678.0,3,170,2368
16679.0,366,3,29
16680.0,43,10,94
16681.0,73,44,1407
16682.0,5,30,1040
16684.0,4,281,49390
16685.0,61,62,396
16686.0,47,588,2025
16688.0,1,62,804
16689.0,76,16,168
16690.0,44,13,137
16692.0,256,3,152
16693.0,69,60,204
16696.0,135,10,146
16697.0,241,21,27
16698.0,227,5,840
16700.0,9,312,4019
16701.0,9,154,6211
16705.0,1,284,5458
16706.0,37,123,249
16708.0,46,27,285
16709.0,85,79,851
16710.0,19,402,1836
16711.0,3,22,833
16712.0,9,447,1749
16713.0,19,632,4264
16714.0,219,94,608
16715.0,78,19,642
16716.0,267,3,44
16717.0,9,236,1568
16718.0,369,45,413
16719.0,15,203,1202
16720.0,26,27,182
16721.0,262,37,172
16722.0,17,228,4989
16723.0,91,43,399
16725.0,302,152,293
16726.0,26,185,977
16727.0,364,46,177
16728.0,46,269,677
16729.0,36,668,5769
16730.0,52,84,898
16732.0,32,28,317
16734.0,52,53,346
16735.0,79,128,1554
16737.0,53,1,288
16738.0,298,1,3
16739.0,172,16,169
16742.0,47,4,-189
16743.0,29,193,2010
16744.0,11,242,805
16745.0,87,358,6727
16746.0,5,452,4662
16747.0,25,45,577
16748.0,18,69,880
16750.0,45,95,214
16751.0,31,25,1031
16752.0,373,9,54
16753.0,58,34,189
16754.0,372,2,4280
16755.0,114,176,1058
16756.0,215,13,106
16757.0,319,7,81
16758.0,65,22,203
16759.0,8,43,608
16761.0,97,13,341
16762.0,20,89,618
16763.0,185,24,318
16764.0,4,718,1247
16765.0,294,1,4
16766.0,273,34,536
16767.0,31,222,4435
16768.0,48,58,191
16769.0,260,40,83
16770.0,58,146,452
16771.0,33,255,1489
16773.0,57,26,171
16774.0,68,49,318
16775.0,10,158,440
16776.0,60,76,262
16777.0,80,50,64
16778.0,74,16,194
16779.0,2,344,5236
16780.0,100,60,271
16781.0,365,19,111
16782.0,10,197,703
16784.0,20,3,24
16788.0,123,155,311
16789.0,8,5,32
16790.0,4,95,892
16791.0,29,322,759
16792.0,282,12,44
16793.0,57,16,146
16794.0,1,287,933
16795.0,365,66,239
16796.0,89,18,186
16800.0,11,164,540
16801.0,163,121,313
16803.0,65,24,245
16804.0,23,60,246
16805.0,174,98,539
16806.0,103,103,378
16807.0,143,67,778
16808.0,99,23,196
16809.0,23,150,651
16810.0,192,16,112
16811.0,5,28,477
16812.0,361,15,81
16813.0,8,449,1525
16814.0,14,325,2768
16816.0,103,28,274
16817.0,3,95,762
16818.0,11,191,2163
16820.0,96,26,307
16823.0,227,38,136
16824.0,16,26,236
16825.0,39,28,566
16826.0,51,22,158
16828.0,93,8,59
16829.0,157,11,99
16830.0,39,23,264
16832.0,184,12,33
16833.0,1,47,440
16834.0,228,24,358
16835.0,128,10,61
16836.0,40,11,165
16837.0,31,166,1562
16838.0,197,26,184
16839.0,9,298,8470
16841.0,37,117,2234
16842.0,64,64,692
16843.0,43,379,10154
16846.0,50,11,135
16847.0,43,12,78
16848.0,53,14,182
16849.0,187,8,33
16850.0,334,19,249
16851.0,4,20,271
16852.0,10,9,56
16855.0,24,19,164
16856.0,15,2,12
16858.0,366,13,83
16859.0,106,72,656
16861.0,60,8,133
16863.0,29,28,392
16866.0,141,11,60
16869.0,23,129,581
16871.0,22,139,1250
16872.0,77,7,600
16873.0,5,289,3825
16875.0,64,123,1044
16877.0,12,159,463
16878.0,25,6,0
16880.0,31,178,753
16881.0,67,1,600
16882.0,67,39,424
16883.0,187,38,104
16884.0,38,26,320
16885.0,15,101,184
16887.0,35,37,157
16889.0,195,135,925
16891.0,2,203,283
16892.0,1,101,235
16893.0,367,45,62
16895.0,65,69,102
16897.0,299,44,58
16898.0,26,163,386
16899.0,8,125,522
16900.0,12,82,723
16902.0,116,44,629
16903.0,29,60,262
16904.0,4,710,2034
16905.0,5,209,1407
16906.0,82,93,281
16907.0,29,151,298
16909.0,64,19,434
16910.0,4,547,886
16912.0,23,105,1014
16913.0,290,8,82
16914.0,36,38,121
16915.0,9,57,132
16916.0,24,143,440
16917.0,277,9,232
16918.0,50,130,708
16919.0,156,327,1413
16921.0,61,60,171
16923.0,12,696,3183
16924.0,21,89,480
16926.0,371,14,35
16927.0,116,6,993
16928.0,80,213,2094
16929.0,4,77,929
16930.0,26,54,341
16931.0,5,898,3158
16932.0,53,53,87
16933.0,1,49,281
16934.0,55,62,399
16936.0,26,57,173
16938.0,9,242,1025
16940.0,52,305,2169
16942.0,13,283,807
16943.0,212,33,145
16945.0,22,249,2725
16947.0,236,21,312
16948.0,139,19,1614
16949.0,4,61,790
16950.0,57,42,644
16951.0,123,87,1306
16952.0,109,16,92
16953.0,30,1,10
16954.0,1,54,1054
16955.0,185,26,246
16956.0,9,18,112
16957.0,239,16,172
16959.0,87,7,49
16960.0,39,101,304
16961.0,116,14,125
16963.0,187,7,35
16965.0,227,26,291
16966.0,8,31,1978
16967.0,189,21,333
16968.0,4,31,326
16969.0,39,42,816
16971.0,3,42,71
16976.0,267,2,88
16978.0,78,39,166
16979.0,4,91,860
16980.0,255,87,788
16982.0,61,22,182
16983.0,13,149,1366
16984.0,78,418,2408
16985.0,17,121,1830
16986.0,30,3,1040
16987.0,3,129,402
16988.0,5,7,43
16989.0,7,12,1233
16990.0,219,1,100
16992.0,11,95,857
16995.0,372,1,-1
16996.0,30,41,534
16997.0,288,12,360
16998.0,150,6,73
16999.0,23,23,294
17001.0,1,169,2164
17002.0,73,50,678
17004.0,46,44,819
17006.0,5,44,272
17007.0,51,53,587
17010.0,17,12,116
17011.0,30,15,186
17014.0,8,75,240
17015.0,29,217,1981
17017.0,3,268,6613
17018.0,41,16,176
17019.0,11,234,827
17022.0,31,7,108
17024.0,45,3,69
17025.0,61,9,235
17026.0,185,4,97
17027.0,79,155,415
17029.0,111,2,400
17030.0,64,11,146
17031.0,12,22,235
17033.0,86,28,750
17034.0,16,32,406
17035.0,246,32,201
17037.0,78,77,652
17038.0,30,22,28
17040.0,138,15,181
17041.0,27,71,947
17042.0,3,98,994
17043.0,32,102,998
17044.0,9,10,487
17045.0,113,22,106
17046.0,157,22,510
17047.0,85,65,533
17048.0,115,48,474
17049.0,3,322,2669
17050.0,96,316,1614
17051.0,194,43,184
17052.0,28,92,261
17053.0,129,14,121
17054.0,28,84,802
17058.0,82,62,592
17059.0,30,516,1855
17060.0,266,5,216
17061.0,74,101,1484
17062.0,314,71,428
17063.0,9,82,763
17064.0,59,62,318
17065.0,143,1,-1
17068.0,12,297,2154
17069.0,28,154,1482
17070.0,114,64,133
17071.0,9,148,1182
17073.0,18,174,759
17075.0,18,80,289
17076.0,36,25,295
17078.0,36,28,788
17079.0,78,2,24
17080.0,22,9,164
17081.0,25,64,78
17082.0,33,81,1049
17083.0,109,52,772
17084.0,35,162,1816
17085.0,123,189,784
17086.0,7,96,1859
17088.0,28,115,868
17090.0,4,64,920
17091.0,3,198,1743
17092.0,50,125,1131
17094.0,318,15,148
17095.0,22,77,613
17096.0,9,52,332
17097.0,2,213,457
17100.0,18,65,800
17101.0,10,42,815
17102.0,262,1,2
17105.0,159,90,693
17107.0,33,421,4537
17109.0,29,121,573
17110.0,165,12,50
17111.0,47,30,302
17114.0,6,135,210
17115.0,8,43,368
17117.0,288,9,68
17118.0,318,10,154
17119.0,3,38,327
17120.0,233,18,120
17122.0,119,7,80
17123.0,162,9,246
17124.0,185,32,130
17125.0,50,40,291
17126.0,152,262,790
17128.0,335,14,76
17131.0,5,134,983
17133.0,16,27,2730
17134.0,107,24,102
17135.0,16,52,1224
17138.0,276,24,126
17139.0,16,487,5163
17140.0,247,20,302
17142.0,239,15,81
17144.0,1,48,483
17146.0,106,35,212
17147.0,23,85,878
17148.0,52,9,82
17152.0,195,16,477
17153.0,24,14,104
17154.0,75,23,490
17155.0,18,20,242
17157.0,8,15,169
17158.0,32,67,778
17159.0,22,102,1110
17160.0,31,229,2856
17162.0,29,105,1000
17163.0,22,5,66
17164.0,33,145,1500
17165.0,284,10,100
17166.0,39,14,75
17169.0,50,60,519
17171.0,289,16,185
17172.0,75,16,479
17173.0,5,87,1121
17174.0,218,4,41
17175.0,44,64,865
17176.0,202,15,170
17179.0,178,80,290
17180.0,56,131,680
17181.0,57,23,241
17183.0,8,76,1264
17186.0,47,2,200
17187.0,227,10,144
17188.0,11,89,1301
17189.0,106,61,227
17190.0,59,20,160
17191.0,28,237,1167
17193.0,36,35,1238
17194.0,274,29,119
17197.0,30,29,191
17198.0,24,96,357
17201.0,54,40,268
17203.0,36,152,2850
17204.0,169,67,589
17205.0,54,13,884
17206.0,53,7,76
17211.0,27,213,1310
17212.0,253,4,147
17213.0,40,164,1167
17214.0,60,104,275
17217.0,234,9,24
17218.0,4,274,958
17219.0,32,25,89
17220.0,24,472,1905
17221.0,7,63,288
17222.0,65,28,128
17223.0,310,49,112
17226.0,309,21,406
17227.0,19,47,741
17228.0,16,208,1532
17229.0,96,47,185
17230.0,264,73,1553
17231.0,12,546,1736
17232.0,3,36,203
17233.0,35,25,131
17234.0,183,14,55
17235.0,25,29,224
17236.0,13,105,474
17237.0,11,19,105
17238.0,3,566,1822
17239.0,313,16,149
17242.0,108,40,611
17243.0,1,407,3362
17244.0,53,31,616
17245.0,205,9,75
17247.0,15,55,106
17248.0,120,69,213
17250.0,4,57,168
17251.0,363,39,110
17252.0,117,87,193
17253.0,18,18,43
17254.0,5,112,252
17255.0,41,78,232
17256.0,107,16,141
17259.0,148,124,410
17262.0,52,12,367
17263.0,208,23,36
17265.0,139,127,394
17266.0,2,80,161
17267.0,127,38,159
17268.0,108,6,844
17272.0,42,116,1776
17274.0,35,27,79
17277.0,228,69,430
17278.0,241,15,179
17279.0,58,9,48
17282.0,130,94,1877
17284.0,60,294,1362
17286.0,22,45,118
17287.0,26,124,559
17288.0,9,142,1203
17289.0,32,112,519
17290.0,4,102,404
17291.0,308,1,72
17293.0,8,135,1140
17295.0,29,69,294
17297.0,17,51,67
17298.0,101,30,387
17299.0,12,57,678
17301.0,21,66,149
17302.0,15,81,573
17303.0,361,53,144
17306.0,11,69,11470
17307.0,365,1,-144
17309.0,95,12,41
17311.0,78,55,1005
17312.0,139,14,372
17313.0,18,28,1382
17314.0,25,136,1884
17315.0,1,487,3856
17317.0,46,11,1074
17320.0,100,73,634
17321.0,8,107,373
17323.0,15,204,770
17324.0,18,50,844
17325.0,280,6,60
17329.0,14,33,142
17330.0,23,6,120
17331.0,124,1,16
17333.0,86,28,375
17334.0,301,12,314
17337.0,151,548,1240
17338.0,17,757,3123
17339.0,94,9,152
17340.0,9,424,5902
17341.0,157,183,489
17343.0,355,17,56
17344.0,46,32,66
17345.0,15,87,346
17346.0,4,503,1639
17347.0,86,1,216
17348.0,15,215,1401
17349.0,179,9,112
17350.0,8,72,759
17351.0,36,27,113
17353.0,129,8,1200
17354.0,51,16,1006
17356.0,312,19,166
17357.0,24,45,153
17358.0,303,59,202
17359.0,11,15,161
17360.0,17,132,335
17361.0,49,29,157
17362.0,239,35,191
17364.0,1,414,2680
17365.0,13,468,4777
17367.0,238,34,150
17368.0,23,128,680
17370.0,73,33,540
17371.0,17,87,152
17372.0,41,253,749
17373.0,40,57,408
17374.0,219,28,85
17375.0,190,71,361
17376.0,71,24,86
17377.0,24,419,2075
17379.0,11,83,663
17381.0,9,110,25646
17382.0,65,2,25
17383.0,4,51,150
17384.0,19,15,88
17385.0,15,47,201
17386.0,8,28,1902
17387.0,20,78,542
17388.0,78,15,1068
17389.0,1,224,7430
17391.0,164,3,480
17392.0,307,62,320
17394.0,219,4,241
17396.0,39,27,2005
17397.0,22,92,254
17398.0,115,38,310
17400.0,126,213,1097
17402.0,5,59,701
17403.0,36,33,117
17404.0,4,201,32324
17405.0,1,94,705
17406.0,330,116,784
17408.0,163,2,3
17409.0,185,13,105
17410.0,16,64,616
17411.0,12,43,298
17412.0,3,66,738
17414.0,44,6,2100
17415.0,80,14,114
17416.0,30,271,4266
17418.0,42,30,289
17419.0,11,208,1872
17420.0,50,30,265
17422.0,16,135,2195
17423.0,45,28,421
17425.0,19,43,407
17426.0,4,272,3082
17427.0,72,2,34
17428.0,1,343,9435
17429.0,121,42,616
17430.0,33,14,190
17431.0,313,43,292
17432.0,18,48,207
17433.0,88,54,185
17434.0,2,138,1685
17436.0,2,9,90
17438.0,247,19,100
17440.0,148,8,232
17442.0,29,140,1490
17443.0,220,1,504
17444.0,148,135,2119
17446.0,177,9,198
17447.0,40,36,443
17448.0,145,1,-1
17449.0,2,279,1115
17450.0,8,351,69029
17451.0,1,107,1178
17453.0,18,19,219
17454.0,192,61,243
17455.0,204,8,66
17456.0,365,17,222
17457.0,127,19,826
17458.0,15,54,170
17459.0,43,111,537
17460.0,79,37,176
17461.0,23,111,799
17462.0,51,28,224
17463.0,16,219,1090
17464.0,158,9,220
17466.0,10,41,306
17468.0,10,5,116
17469.0,16,90,778
17470.0,45,78,1675
17472.0,191,181,462
17475.0,79,14,178
17480.0,74,31,336
17481.0,4,83,1060
17483.0,65,21,191
17486.0,261,24,191
17489.0,59,29,428
17490.0,1,86,1021
17491.0,1,110,2012
17492.0,248,12,155
17495.0,8,27,229
17496.0,359,10,79
17498.0,76,17,394
17499.0,290,40,711
17500.0,17,5,17
17501.0,221,18,160
17502.0,9,28,376
17503.0,3,38,486
17504.0,206,140,1456
17505.0,162,52,556
17506.0,70,16,136
17507.0,262,88,359
17508.0,281,22,289
17509.0,58,369,3530
17510.0,25,20,214
17511.0,3,1076,63012
17512.0,29,106,2752
17513.0,72,6,254
17514.0,128,40,135
17515.0,31,87,243
17516.0,15,137,416
17517.0,309,11,102
17519.0,17,83,1233
17520.0,54,30,365
17521.0,24,46,518
17522.0,2,73,1034
17523.0,11,33,872
17524.0,361,6,90
17525.0,360,9,82
17526.0,1,23,257
17527.0,54,49,463
17528.0,1,260,2130
17530.0,1,394,1526
17531.0,121,15,135
17534.0,54,9,103
17535.0,280,13,136
17536.0,177,3,6
17537.0,30,75,700
17538.0,26,9,134
17540.0,9,26,193
17542.0,270,25,134
17545.0,43,145,341
17547.0,372,2,-4
17548.0,218,17,-132
17549.0,24,6,210
17550.0,197,42,86
17551.0,359,43,150
17552.0,43,51,708
17553.0,130,2,1048
17554.0,1,88,1763
17555.0,20,106,349
17556.0,206,6,101
17557.0,14,34,306
17560.0,95,27,651
17561.0,19,46,146
17562.0,14,64,813
17564.0,24,49,146
17566.0,8,152,518
17567.0,7,177,2428
17569.0,332,29,159
17571.0,50,299,905
17572.0,71,12,95
17573.0,29,26,302
17574.0,243,8,77
17576.0,8,417,1954
17578.0,191,6,90
17579.0,5,52,256
17580.0,253,45,88
17581.0,1,452,5861
17582.0,236,29,123
17584.0,7,36,446
17585.0,109,214,1671
17588.0,100,23,676
17589.0,60,253,1631
17590.0,2,201,828
17591.0,73,167,1008
17593.0,4,215,3095
17594.0,85,50,550
17595.0,12,83,229
17596.0,23,270,4400
17597.0,214,55,1176
17600.0,18,13,144
17601.0,239,9,103
17602.0,2,565,4135
17603.0,50,15,-31
17604.0,217,63,169
17608.0,33,59,232
17609.0,41,238,721
17611.0,4,582,2552
17612.0,53,142,1787
17613.0,23,319,2470
17614.0,57,100,238
17615.0,130,14,140
17616.0,174,3,224
17618.0,6,78,331
17619.0,312,77,127
17620.0,60,4,60
17621.0,21,27,510
17623.0,33,33,265
17624.0,15,50,554
17625.0,18,315,1198
17628.0,81,5,79
17629.0,6,124,1621
17630.0,170,26,158
17631.0,2,39,334
17633.0,31,72,630
17634.0,36,297,840
17636.0,9,24,176
17637.0,31,35,280
17639.0,276,7,49
17640.0,87,5,250
17642.0,120,40,474
17643.0,373,8,71
17644.0,1,169,1741
17646.0,219,54,320
17647.0,65,7,30
17648.0,61,92,486
17649.0,135,53,398
17650.0,21,8,150
17651.0,12,239,3100
17652.0,25,270,2479
17653.0,29,50,1401
17654.0,277,22,41
17655.0,11,93,956
17656.0,73,82,1399
17658.0,11,23,522
17659.0,4,161,1486
17660.0,141,45,130
17663.0,26,90,793
17664.0,19,43,604
17666.0,4,18,596
17667.0,66,117,1037
17668.0,1,15,93
17669.0,43,68,1916
17670.0,228,11,110
17671.0,16,61,659
17672.0,44,115,1672
17673.0,1,228,1485
17674.0,74,27,672
17675.0,1,721,8278
17676.0,4,79,931
17677.0,2,321,9725
17678.0,264,16,207
17679.0,53,30,729
17680.0,24,11,96
17682.0,10,119,1365
17684.0,44,15,145
17685.0,17,130,1956
17686.0,7,286,2478
17690.0,30,258,1767
17691.0,358,19,134
17692.0,127,47,666
17693.0,136,18,229
17694.0,142,15,184
17695.0,132,35,779
17696.0,38,126,1730
17697.0,236,19,93
17698.0,261,8,93
17700.0,17,146,1261
17701.0,253,24,109
17702.0,30,80,1320
17703.0,35,55,590
17704.0,169,31,343
17705.0,3,108,957
17706.0,4,395,3833
17707.0,185,5,144
17708.0,188,35,91
17709.0,170,7,17
17711.0,11,23,246
17712.0,45,29,215
17714.0,321,10,92
17715.0,201,1,384
17716.0,23,254,3004
17718.0,232,6,83
17719.0,38,278,2455
17720.0,26,50,576
17722.0,96,120,1572
17723.0,127,10,792
17724.0,58,45,289
17725.0,16,198,2141
17727.0,9,67,639
17728.0,4,169,1464
17730.0,3,220,3567
17731.0,79,83,392
17732.0,373,18,93
17733.0,39,35,463
17734.0,54,43,422
17735.0,2,690,8439
17736.0,9,26,237
17737.0,9,10,108
17738.0,19,99,1027
17739.0,12,48,856
17742.0,113,15,89
17744.0,4,137,3376
17746.0,235,8,26
17747.0,100,2,11
17749.0,178,35,320
17750.0,5,193,3957
17752.0,359,1,192
17754.0,1,93,1820
17757.0,1,742,3316
17758.0,19,412,2091
17759.0,17,95,708
17760.0,22,25,239
17761.0,33,19,398
17763.0,263,1,12
17764.0,51,75,395
17765.0,159,57,144
17767.0,15,21,128
17768.0,8,105,1186
17769.0,13,313,1857
17770.0,199,38,365
17771.0,57,54,287
17772.0,11,53,58
17774.0,97,157,511
17775.0,255,3,72
17777.0,25,194,507
17779.0,21,84,394
17781.0,159,12,34
17783.0,72,67,354
17785.0,53,13,67
17786.0,85,72,200
17787.0,153,134,910
17788.0,74,5,211
17789.0,281,14,74
17790.0,27,190,836
17791.0,30,10,46
17793.0,25,58,232
17795.0,180,46,341
17796.0,40,82,178
17797.0,22,111,498
17799.0,22,410,1755
17800.0,37,104,736
17802.0,82,147,743
17805.0,74,10,478
17806.0,11,43,727
17809.0,16,64,2015
17811.0,4,872,4128
17812.0,13,141,350
17813.0,14,378,777
17816.0,37,17,30
17817.0,4,33,67
17819.0,72,49,1027
17820.0,191,5,-5
17824.0,51,13,408
17827.0,5,220,1247
17828.0,9,82,641
17829.0,299,30,496
17830.0,2,23,92
17831.0,33,2,12
17832.0,50,61,208
17835.0,3,61,348
17836.0,47,24,88
17837.0,42,172,515
17838.0,27,137,1421
17839.0,42,56,285
17841.0,2,7983,22865
17843.0,303,37,113
17844.0,107,5,52
17846.0,85,1,1
17848.0,81,51,398
17849.0,218,26,114
17850.0,302,312,1693
17852.0,12,24,53
17854.0,185,15,84
17855.0,373,17,197
17856.0,2,17,826
17857.0,3,56,19086
17858.0,6,199,2706
17859.0,305,25,127
17860.0,369,58,104
17861.0,3,223,1968
17862.0,324,11,100
17863.0,59,148,2638
17864.0,13,102,810
17865.0,31,389,5698
17866.0,143,10,173
17867.0,30,81,253
17869.0,107,40,111
17870.0,2,280,1400
17871.0,205,10,182
17873.0,80,46,999
17874.0,185,47,209
17877.0,170,12,98
17878.0,44,26,401
17879.0,174,6,45
17880.0,365,26,314
17881.0,304,8,32
17883.0,3,145,379
17884.0,4,117,854
17885.0,12,64,167
17886.0,32,109,481
17887.0,129,10,30
17888.0,19,81,431
17889.0,212,21,79
17890.0,323,94,416
17891.0,162,34,393
17892.0,56,28,109
17893.0,225,16,161
17894.0,72,193,405
17895.0,44,16,130
17896.0,23,2,288
17897.0,173,115,223
17898.0,85,28,190
17899.0,159,32,171
17900.0,165,11,1
17901.0,29,19,24
17904.0,21,39,62
17905.0,71,34,407
17906.0,247,12,26
17908.0,374,58,173
17911.0,9,39,223
17912.0,310,40,183
17913.0,59,59,289
17914.0,4,80,473
17917.0,45,94,187
17919.0,88,23,756
17920.0,4,696,2516
17921.0,64,145,430
17923.0,282,1,50
17924.0,1,38,1141
17925.0,373,1,72
17926.0,133,21,306
17928.0,45,23,140
17929.0,11,6,107
17930.0,36,39,1594
17931.0,134,65,249
17932.0,29,90,789
17934.0,52,21,478
17935.0,138,29,82
17936.0,5,77,262
17937.0,9,43,1754
17939.0,160,12,40
17940.0,49,23,9751
17941.0,131,2,252
17942.0,8,2,38
17946.0,233,20,75
17947.0,37,9,168
17948.0,147,1,144
17949.0,1,79,27571
17950.0,72,72,342
17951.0,40,21,610
17954.0,5,489,2229
17955.0,199,19,273
17956.0,249,1,1
17957.0,66,31,287
17958.0,117,7,84
17960.0,171,26,41
17961.0,21,249,560
17962.0,142,35,128
17964.0,32,104,301
17965.0,38,329,1556
17966.0,38,68,2571
17967.0,372,48,80
17968.0,374,85,160
17969.0,166,14,152
17970.0,211,31,525
17972.0,242,31,37
17973.0,52,15,176
17974.0,25,179,519
17975.0,15,297,1552
17976.0,372,65,106
17977.0,29,21,342
17978.0,365,12,499
17979.0,36,147,395
17980.0,166,30,682
17984.0,145,48,98
17985.0,22,23,183
17986.0,56,1,10
17987.0,185,13,261
17988.0,12,39,42
17990.0,237,29,414
17991.0,225,5,25
17994.0,122,84,473
17995.0,282,2,133
17997.0,74,180,2078
17999.0,37,93,221
18001.0,12,58,363
18004.0,362,40,78
18005.0,4,60,93
18006.0,23,22,220
18008.0,70,30,1581
18009.0,235,33,124
18010.0,257,14,60
18011.0,373,28,71
18013.0,155,31,285
18014.0,28,32,68
18015.0,4,46,157
18016.0,32,123,1029
18017.0,81,3,300
18018.0,108,29,55
18019.0,52,5,7
18022.0,36,191,736
18024.0,153,22,148
18027.0,99,21,78
18030.0,4,10,66
18032.0,334,5,42
18033.0,65,34,253
18034.0,22,112,561
18035.0,36,53,611
18036.0,32,96,234
18037.0,154,19,20
18040.0,19,19,148
18041.0,12,474,3810
18042.0,54,7,33
18043.0,25,121,282
18044.0,4,128,1032
18045.0,45,47,142
18048.0,203,7,127
18050.0,359,5,40
18053.0,66,21,301
18055.0,7,363,2450
18056.0,288,19,211
18058.0,10,3,88
18059.0,9,21,258
18061.0,22,46,955
18062.0,173,27,396
18064.0,133,7,384
18065.0,6,138,1024
18066.0,75,10,108
18067.0,40,37,189
18068.0,289,1,6
18069.0,26,472,1308
18071.0,258,25,260
18072.0,155,36,46
18073.0,114,76,3098
18074.0,374,13,190
18075.0,23,153,1437
18077.0,8,227,1878
18078.0,217,29,145
18079.0,45,127,7432
18080.0,19,2,642
18081.0,36,17,195
18082.0,26,73,621
18084.0,16,2,311
18085.0,330,29,265
18086.0,274,7,106
18087.0,98,7,3571
18088.0,61,39,109
18092.0,2,90,4250
18093.0,93,38,1381
18094.0,82,70,2518
18095.0,313,21,419
18096.0,12,213,825
18097.0,8,109,1685
18099.0,127,19,149
18101.0,11,41,88
18102.0,1,433,64122
18104.0,37,38,362
18105.0,38,18,46
18106.0,330,39,128
18108.0,249,19,82
18109.0,2,454,4219
18110.0,19,49,79
18112.0,12,26,255
18113.0,369,1,72
18114.0,290,28,55
18116.0,68,378,848
18117.0,26,74,618
18118.0,11,1284,2877
18119.0,368,30,125
18120.0,214,17,31
18121.0,149,32,450
18122.0,8,364,1234
18123.0,24,36,594
18125.0,30,197,803
18126.0,61,56,144
18127.0,19,47,188
18129.0,243,14,48
18130.0,9,71,817
18133.0,211,2,0
18135.0,29,20,349
18136.0,63,39,373
18138.0,295,8,38
18139.0,17,162,5461
18141.0,361,1,-12
18142.0,151,18,1273
18143.0,117,61,570
18144.0,8,43,1343
18145.0,13,221,2625
18146.0,141,10,153
18147.0,46,7,203
18149.0,51,16,310
18150.0,32,37,332
18151.0,135,38,355
18154.0,3,21,255
18155.0,75,28,258
18156.0,13,140,301
18158.0,9,35,353
18159.0,301,23,139
18160.0,57,39,294
18161.0,10,81,810
18164.0,31,25,183
18165.0,177,10,254
18167.0,4,43,359
18168.0,176,140,585
18169.0,61,9,61
18170.0,33,38,409
18171.0,59,56,477
18172.0,15,197,3170
18173.0,87,31,1220
18174.0,7,1,50
18176.0,354,33,279
18177.0,31,75,705
18178.0,114,99,979
18179.0,9,90,1360
18180.0,5,119,1721
18181.0,24,44,146
18183.0,218,44,362
18184.0,15,1,60
18185.0,249,17,183
18188.0,15,72,1167
18189.0,78,69,564
18190.0,192,16,139
18191.0,262,7,140
18192.0,72,45,339
18193.0,151,18,120
18194.0,64,9,448
18196.0,95,141,433
18198.0,4,166,3839
18200.0,106,32,111
18202.0,200,68,581
18203.0,157,19,43
18204.0,71,202,1198
18205.0,36,32,192
18209.0,29,8,58
18210.0,2,134,1398
18211.0,26,42,359
18212.0,326,43,101
18213.0,237,15,232
18215.0,89,13,118
18216.0,31,26,200
18217.0,29,31,491
18218.0,206,24,546
18219.0,3,115,883
18220.0,220,4,282
18221.0,22,65,789
18222.0,93,19,335
18223.0,2,299,2890
18224.0,264,10,69
18225.0,3,286,3206
18226.0,39,245,3459
18227.0,218,5,21
18228.0,50,32,236
18229.0,12,164,2488
18230.0,9,89,1298
18231.0,192,126,808
18232.0,82,40,299
18233.0,326,1,4
18235.0,72,104,1578
18236.0,30,49,403
18237.0,3,61,622
18239.0,219,88,795
18240.0,46,6,126
18241.0,10,105,1047
18242.0,72,78,1017
18245.0,7,177,1781
18246.0,24,4,166
18248.0,114,49,501
18249.0,17,8,128
18250.0,301,22,198
18251.0,87,16,7824
18252.0,51,98,239
18255.0,89,6,74
18256.0,355,4,-70
18257.0,39,123,1010
18259.0,25,42,714
18260.0,173,140,1469
18261.0,43,21,146
18262.0,140,13,182
18263.0,23,62,1467
18265.0,72,46,311
18268.0,134,2,0
18269.0,358,8,70
18270.0,38,13,97
18272.0,3,170,2044
18273.0,2,3,80
18274.0,18,22,0
18276.0,21,16,184
18277.0,58,9,67
18278.0,74,9,66
18280.0,278,10,45
18281.0,181,7,54
18282.0,8,13,98
18283.0,4,756,1397
18287.0,43,70,1586
